participant_id,type,display_name,country_id
biathlon_world_athlete_Paavo_Puurunen_FIN,athlete,Paavo Puurunen,FIN
biathlon_world_athlete_Vadim_Sashurin_BLR,athlete,Vadim Sashurin,BLR
biathlon_world_athlete_Ilmrs_Bricis_LAT,athlete,Ilmārs Bricis,LAT
biathlon_world_athlete_Raphaël_Poirée_FRA,athlete,Raphaël Poirée,FRA
biathlon_world_athlete_Ole_Einar_Bjørndalen_NOR,athlete,Ole Einar Bjørndalen,NOR
biathlon_world_athlete_Sven_Fischer_GER,athlete,Sven Fischer,GER
biathlon_world_athlete_Pavel_Rostovtsev_RUS,athlete,Pavel Rostovtsev,RUS
biathlon_world_team_France_Gilles_Marguet__Vincent_Defrasne__Julien_Robert__Raphaël_Poirée_FRA,team,France,FRA
biathlon_world_team_Belarus_Alexei_Aidarov__Alexander_Syman__Oleg_Ryzhenkov__Vadim_Sashurin_BLR,team,Belarus,BLR
biathlon_world_team_Norway_Egil_Gjelland__Frode_Andresen__Halvard_Hanevold__Ole_Einar_Bjørndalen_NOR,team,Norway,NOR
biathlon_world_athlete_René_Cattarinussi_ITA,athlete,René Cattarinussi,ITA
biathlon_world_athlete_Halvard_Hanevold_NOR,athlete,Halvard Hanevold,NOR
biathlon_world_athlete_Magdalena_Forsberg_SWE,athlete,Magdalena Forsberg,SWE
biathlon_world_athlete_Liv_Grete_Poirée_NOR,athlete,Liv Grete Poirée,NOR
biathlon_world_athlete_Olena_Zubrilova_UKR,athlete,Olena Zubrilova,UKR
biathlon_world_athlete_Martina_Glagow_GER,athlete,Martina Glagow,GER
biathlon_world_athlete_Corinne_Niogret_FRA,athlete,Corinne Niogret,FRA
biathlon_world_team_Russia_Olga_Pyleva__Anna_Bogaliy__Galina_Kukleva__Svetlana_Ishmouratova_RUS,team,Russia,RUS
biathlon_world_team_Germany_Uschi_Disl__Katrin_Apel__Andrea_Henkel__Kati_Wilhelm_GER,team,Germany,GER
biathlon_world_team_Ukraine_Olena_Zubrilova__Olena_Petrova__Nina_Lemesh__Tetyana_Vodopyanova_UKR,team,Ukraine,UKR
biathlon_world_athlete_Kati_Wilhelm_GER,athlete,Kati Wilhelm,GER
biathlon_world_athlete_Uschi_Disl_GER,athlete,Uschi Disl,GER
biathlon_world_athlete_Frode_Andresen_NOR,athlete,Frode Andresen,NOR
biathlon_world_athlete_Olga_Pyleva_RUS,athlete,Olga Pyleva,RUS
biathlon_world_athlete_Olga_Nazarova_BLR,athlete,Olga Nazarova,BLR
biathlon_world_athlete_Vesa_Hietalahti_FIN,athlete,Vesa Hietalahti,FIN
biathlon_world_athlete_Ricco_Groß_GER,athlete,Ricco Groß,GER
biathlon_world_team_Germany_Peter_Sendel__Sven_Fischer__Ricco_Groß__Frank_Luck_GER,team,Germany,GER
biathlon_world_team_Russia_Viktor_Maigourov__Pavel_Rostovtsev__Sergei_Rozhkov__Sergei_Tchepikov_RUS,team,Russia,RUS
biathlon_world_team_Belarus_Alexei_Aidarov__Vladimir_Drachev__Rustam_Valliulin__Oleg_Ryzhenkov_BLR,team,Belarus,BLR
biathlon_world_athlete_Zdenk_Vítek_CZE,athlete,Zdeněk Vítek,CZE
biathlon_world_athlete_Kateina_Holubcová_CZE,athlete,Kateřina Holubcová,CZE
biathlon_world_athlete_Olena_Zubrilova_BLR,athlete,Olena Zubrilova,BLR
biathlon_world_athlete_Gunn_Margit_Andreassen_NOR,athlete,Gunn Margit Andreassen,NOR
biathlon_world_athlete_Albina_Akhatova_RUS,athlete,Albina Akhatova,RUS
biathlon_world_athlete_Svetlana_Ishmouratova_RUS,athlete,Svetlana Ishmouratova,RUS
biathlon_world_athlete_Sandrine_Bailly_FRA,athlete,Sandrine Bailly,FRA
biathlon_world_team_Russia_Albina_Akhatova__Svetlana_Ishmouratova__Galina_Kukleva__Svetlana_Tchernousova_RUS,team,Russia,RUS
biathlon_world_team_Ukraine_Oksana_Khvostenko__Iryna_Merkushina__Oksana_Yakovleva__Olena_Petrova_UKR,team,Ukraine,UKR
biathlon_world_team_Germany_Simone_Denkinger__Uschi_Disl__Kati_Wilhelm__Martina_Glagow_GER,team,Germany,GER
biathlon_world_athlete_Sylvie_Becaert_FRA,athlete,Sylvie Becaert,FRA
biathlon_world_athlete_Olena_Petrova_UKR,athlete,Olena Petrova,UKR
biathlon_world_athlete_Tomasz_Sikora_POL,athlete,Tomasz Sikora,POL
biathlon_world_athlete_Lars_Berger_NOR,athlete,Lars Berger,NOR
biathlon_world_athlete_Sergei_Konovalov_RUS,athlete,Sergei Konovalov,RUS
biathlon_world_team_Germany_Frank_Luck__Ricco_Groß__Sven_Fischer__Michael_Greis_GER,team,Germany,GER
biathlon_world_team_Norway_Halvard_Hanevold__Lars_Berger__Egil_Gjelland__Ole_Einar_Bjørndalen_NOR,team,Norway,NOR
biathlon_world_team_France_Ferreol_Cannard__Vincent_Defrasne__Julien_Robert__Raphaël_Poirée_FRA,team,France,FRA
biathlon_world_athlete_Katrin_Apel_GER,athlete,Katrin Apel,GER
biathlon_world_athlete_Anna_Bogaliy_RUS,athlete,Anna Bogaliy,RUS
biathlon_world_team_Norway_Linda_Tjørhom__Gro_Marit_Istad_Kristiansen__Gunn_Margit_Andreassen__Liv_Grete_Poirée_NOR,team,Norway,NOR
biathlon_world_team_Russia_Olga_Pyleva__Svetlana_Ishmouratova__Anna_Bogaliy__Albina_Akhatova_RUS,team,Russia,RUS
biathlon_world_team_Germany_Martina_Glagow__Katrin_Apel__Simone_Denkinger__Kati_Wilhelm_GER,team,Germany,GER
biathlon_world_athlete_Roman_Dostál_CZE,athlete,Roman Dostál,CZE
biathlon_world_athlete_Michael_Greis_GER,athlete,Michael Greis,GER
biathlon_world_athlete_Sergei_Tchepikov_RUS,athlete,Sergei Tchepikov,RUS
biathlon_world_team_Norway_Halvard_Hanevold__Stian_Eckhoff__Egil_Gjelland__Ole_Einar_Bjørndalen_NOR,team,Norway,NOR
biathlon_world_team_Russia_Sergei_Rozhkov__Nikolay_Kruglov_Jr__Pavel_Rostovtsev__Sergei_Tchepikov_RUS,team,Russia,RUS
biathlon_world_team_Austria_Daniel_Mesotitsch__Friedrich_Pinter__Wolfgang_Rottmann__Christoph_Sumann_AUT,team,Austria,AUT
biathlon_world_team_Russia_Olga_Pyleva__Svetlana_Ishmouratova__Ivan_Tcherezov__Nikolay_Kruglov_Jr_RUS,team,Russia,RUS
biathlon_world_team_Russia_Anna_Bogaliy-Titovets__Olga_Zaitseva__Sergei_Tchepikov__Sergei_Rozhkov_RUS,team,Russia,RUS
biathlon_world_team_Germany_Uschi_Disl__Kati_Wilhelm__Michael_Greis__Ricco_Groß_GER,team,Germany,GER
biathlon_world_athlete_Andrea_Henkel_GER,athlete,Andrea Henkel,GER
biathlon_world_athlete_Sun_Ribo_CHN,athlete,Sun Ribo,CHN
biathlon_world_athlete_Linda_Tjørhom_NOR,athlete,Linda Tjørhom,NOR
biathlon_world_athlete_Gro_Marit_Istad_Kristiansen_NOR,athlete,Gro Marit Istad Kristiansen,NOR
biathlon_world_athlete_Anna_Carin_Olofsson_SWE,athlete,Anna Carin Olofsson,SWE
biathlon_world_athlete_Liu_Xianying_CHN,athlete,Liu Xianying,CHN
biathlon_world_athlete_Olga_Zaitseva_RUS,athlete,Olga Zaitseva,RUS
biathlon_world_team_Russia_Olga_Pyleva__Svetlana_Ishmouratova__Anna_Bogaliy-Titovets__Olga_Zaitseva_RUS,team,Russia,RUS
biathlon_world_team_Belarus_Ekaterina_Ivanova__Olga_Nazarova__Liudmilla_Ananko__Olena_Zubrilova_BLR,team,Belarus,BLR
biathlon_world_team_Russia_Anna_Bogaliy-Titovets__Sergei_Tchepikov__Irina_Malgina__Nikolay_Kruglov_Jr_RUS,team,Russia,RUS
biathlon_world_team_Norway_Linda_Tjørhom__Halvard_Hanevold__Tora_Berger__Ole_Einar_Bjørndalen_NOR,team,Norway,NOR
biathlon_world_team_France_Florence_Baverel-Robert__Vincent_Defrasne__Sandrine_Bailly__Raphaël_Poirée_FRA,team,France,FRA
biathlon_world_athlete_Michal_lesingr_CZE,athlete,Michal Šlesingr,CZE
biathlon_world_athlete_Andreas_Birnbacher_GER,athlete,Andreas Birnbacher,GER
biathlon_world_athlete_Maxim_Chudov_RUS,athlete,Maxim Chudov,RUS
biathlon_world_athlete_Vincent_Defrasne_FRA,athlete,Vincent Defrasne,FRA
biathlon_world_team_Russia_Ivan_Tcherezov__Maxim_Chudov__Dmitri_Yaroshenko__Nikolay_Kruglov_Jr_RUS,team,Russia,RUS
biathlon_world_team_Norway_Halvard_Hanevold__Lars_Berger__Frode_Andresen__Ole_Einar_Bjørndalen_NOR,team,Norway,NOR
biathlon_world_team_Germany_Ricco_Groß__Michael_Rösch__Sven_Fischer__Michael_Greis_GER,team,Germany,GER
biathlon_world_athlete_Andriy_Deryzemlya_UKR,athlete,Andriy Deryzemlya,UKR
biathlon_world_team_Sweden_Helena_Jonsson__Anna_Carin_Olofsson__Björn_Ferry__Carl_Johan_Bergman_SWE,team,Sweden,SWE
biathlon_world_team_France_Florence_Baverel-Robert__Sandrine_Bailly__Vincent_Defrasne__Raphaël_Poirée_FRA,team,France,FRA
biathlon_world_team_Norway_Tora_Berger__Jori_Mørkve__Emil_Hegle_Svendsen__Frode_Andresen_NOR,team,Norway,NOR
biathlon_world_athlete_Linda_Grubben_NOR,athlete,Linda Grubben,NOR
biathlon_world_athlete_Florence_Baverel-Robert_FRA,athlete,Florence Baverel-Robert,FRA
biathlon_world_athlete_Magdalena_Neuner_GER,athlete,Magdalena Neuner,GER
biathlon_world_team_Germany_Martina_Glagow__Andrea_Henkel__Magdalena_Neuner__Kati_Wilhelm_GER,team,Germany,GER
biathlon_world_team_France_Florence_Baverel-Robert__Delphyne_Peretto__Sylvie_Becaert__Sandrine_Bailly_FRA,team,France,FRA
biathlon_world_team_Norway_Tora_Berger__Ann_Kristin_Aafedt_Flatland__Jori_Mørkve__Linda_Grubben_NOR,team,Norway,NOR
biathlon_world_athlete_Natalia_Guseva_RUS,athlete,Natalia Guseva,RUS
biathlon_world_athlete_Emil_Hegle_Svendsen_NOR,athlete,Emil Hegle Svendsen,NOR
biathlon_world_athlete_Maxim_Maksimov_RUS,athlete,Maxim Maksimov,RUS
biathlon_world_athlete_Alexander_Wolf_GER,athlete,Alexander Wolf,GER
biathlon_world_team_Russia_Ivan_Tcherezov__Nikolay_Kruglov_Jr__Dmitri_Yaroshenko__Maxim_Chudov_RUS,team,Russia,RUS
biathlon_world_team_Norway_Emil_Hegle_Svendsen__Rune_Brattsveen__Halvard_Hanevold__Ole_Einar_Bjørndalen_NOR,team,Norway,NOR
biathlon_world_team_Germany_Michael_Rösch__Alexander_Wolf__Andreas_Birnbacher__Michael_Greis_GER,team,Germany,GER
biathlon_world_team_Germany_Sabrina_Buchholz__Magdalena_Neuner__Andreas_Birnbacher__Michael_Greis_GER,team,Germany,GER
biathlon_world_team_Belarus_Liudmila_Kalinchik__Darya_Domracheva__Rustam_Valiullin__Sergey_Novikov_BLR,team,Belarus,BLR
biathlon_world_team_Russia_Svetlana_Sleptsova__Oksana_Neupokoeva__Nikolay_Kruglov_Jr__Dmitri_Yaroshenko_RUS,team,Russia,RUS
biathlon_world_athlete_Ekaterina_Iourieva_RUS,athlete,Ekaterina Iourieva,RUS
biathlon_world_athlete_Oksana_Khvostenko_UKR,athlete,Oksana Khvostenko,UKR
biathlon_world_athlete_Tora_Berger_NOR,athlete,Tora Berger,NOR
biathlon_world_team_Ukraine_Oksana_Yakovleva__Vita_Semerenko__Valentyna_Semerenko__Oksana_Khvostenko_UKR,team,Ukraine,UKR
biathlon_world_team_France_Delphine_Peretto__Marie-Laure_Brunet__Sylvie_Becaert__Sandrine_Bailly_FRA,team,France,FRA
biathlon_world_athlete_Christoph_Stephan_GER,athlete,Christoph Stephan,GER
biathlon_world_athlete_Jakov_Fak_CRO,athlete,Jakov Fak,CRO
biathlon_world_athlete_Dominik_Landertinger_AUT,athlete,Dominik Landertinger,AUT
biathlon_world_athlete_Christoph_Sumann_AUT,athlete,Christoph Sumann,AUT
biathlon_world_athlete_Ivan_Tcherezov_RUS,athlete,Ivan Tcherezov,RUS
biathlon_world_athlete_Alexander_Os_NOR,athlete,Alexander Os,NOR
biathlon_world_team_Norway_Emil_Hegle_Svendsen__Lars_Berger__Halvard_Hanevold__Ole_Einar_Bjørndalen_NOR,team,Norway,NOR
biathlon_world_team_Austria_Daniel_Mesotitsch__Simon_Eder__Dominik_Landertinger__Christoph_Sumann_AUT,team,Austria,AUT
biathlon_world_team_Germany_Michael_Rösch__Christoph_Stephan__Arnd_Peiffer__Michael_Greis_GER,team,Germany,GER
biathlon_world_team_France_Marie-Laure_Brunet__Sylvie_Becaert__Vincent_Defrasne__Simon_Fourcade_FRA,team,France,FRA
biathlon_world_team_Sweden_Helena_Jonsson__Anna_Carin_Olofsson-Zidek__David_Ekholm__Carl_Johan_Bergman_SWE,team,Sweden,SWE
biathlon_world_team_Germany_Andrea_Henkel__Simone_Hauswald__Arnd_Peiffer__Michael_Greis_GER,team,Germany,GER
biathlon_world_athlete_Teja_Gregorin_SLO,athlete,Teja Gregorin,SLO
biathlon_world_athlete_Anastasiya_Kuzmina_SVK,athlete,Anastasiya Kuzmina,SVK
biathlon_world_athlete_Helena_Jonsson_SWE,athlete,Helena Jonsson,SWE
biathlon_world_team_Russia_Svetlana_Sleptsova__Anna_Boulygina__Olga_Medvedtseva__Olga_Zaitseva_RUS,team,Russia,RUS
biathlon_world_team_Germany_Martina_Beck__Magdalena_Neuner__Andrea_Henkel__Kati_Wilhelm_GER,team,Germany,GER
biathlon_world_team_France_Marie-Laure_Brunet__Sylvie_Becaert__Marie_Dorin__Sandrine_Bailly_FRA,team,France,FRA
biathlon_world_athlete_Simone_Hauswald_GER,athlete,Simone Hauswald,GER
biathlon_world_team_Germany_Simone_Hauswald__Magdalena_Neuner__Simon_Schempp__Arnd_Peiffer_GER,team,Germany,GER
biathlon_world_team_Norway_Ann_Kristin_Aafedt_Flatland__Tora_Berger__Emil_Hegle_Svendsen__Ole_Einar_Bjørndalen_NOR,team,Norway,NOR
biathlon_world_team_Sweden_Helena_Jonsson__Anna_Carin_Olofsson-Zidek__Björn_Ferry__Carl_Johan_Bergman_SWE,team,Sweden,SWE
biathlon_world_athlete_Tarjei_Bø_NOR,athlete,Tarjei Bø,NOR
biathlon_world_athlete_Lukas_Hofer_ITA,athlete,Lukas Hofer,ITA
biathlon_world_athlete_Martin_Fourcade_FRA,athlete,Martin Fourcade,FRA
biathlon_world_team_Norway_Ole_Einar_Bjørndalen__Alexander_Os__Emil_Hegle_Svendsen__Tarjei_Bø_NOR,team,Norway,NOR
biathlon_world_team_Ukraine_Olexander_Bilanenko__Andriy_Deryzemlya__Serhiy_Semenov__Serhiy_Sednev_UKR,team,Ukraine,UKR
biathlon_world_team_Sweden_Fredrik_Lindström__Magnus_Jonsson__Carl_Johan_Bergman__Björn_Ferry_SWE,team,Sweden,SWE
biathlon_world_athlete_Arnd_Peiffer_GER,athlete,Arnd Peiffer,GER
biathlon_world_team_Norway_Tora_Berger__Ann_Kristin_Aafedt_Flatland__Ole_Einar_Bjørndalen__Tarjei_Bø_NOR,team,Norway,NOR
biathlon_world_team_Germany_Andrea_Henkel__Magdalena_Neuner__Arnd_Peiffer__Michael_Greis_GER,team,Germany,GER
biathlon_world_team_France_Marie-Laure_Brunet__Marie_Dorin__Alexis_Buf__Martin_Fourcade_FRA,team,France,FRA
biathlon_world_athlete_Helena_Ekholm_SWE,athlete,Helena Ekholm,SWE
biathlon_world_athlete_Tina_Bachmann_GER,athlete,Tina Bachmann,GER
biathlon_world_athlete_Vita_Semerenko_UKR,athlete,Vita Semerenko,UKR
biathlon_world_athlete_Darya_Domracheva_BLR,athlete,Darya Domracheva,BLR
biathlon_world_athlete_Kaisa_Mäkäräinen_FIN,athlete,Kaisa Mäkäräinen,FIN
biathlon_world_team_Germany_Andrea_Henkel__Miriam_Gössner__Tina_Bachmann__Magdalena_Neuner_GER,team,Germany,GER
biathlon_world_team_France_Anaïs_Bescond__Marie-Laure_Brunet__Sophie_Boilley__Marie_Dorin_FRA,team,France,FRA
biathlon_world_team_Belarus_Nadezhda_Skardino__Darya_Domracheva__Nadzeya_Pisareva__Liudmila_Kalinchik_BLR,team,Belarus,BLR
biathlon_world_athlete_Jakov_Fak_SLO,athlete,Jakov Fak,SLO
biathlon_world_athlete_Simon_Fourcade_FRA,athlete,Simon Fourcade,FRA
biathlon_world_athlete_Jaroslav_Soukup_CZE,athlete,Jaroslav Soukup,CZE
biathlon_world_athlete_Björn_Ferry_SWE,athlete,Björn Ferry,SWE
biathlon_world_athlete_Fredrik_Lindström_SWE,athlete,Fredrik Lindström,SWE
biathlon_world_athlete_Carl_Johan_Bergman_SWE,athlete,Carl Johan Bergman,SWE
biathlon_world_athlete_Anton_Shipulin_RUS,athlete,Anton Shipulin,RUS
biathlon_world_team_Norway_Ole_Einar_Bjørndalen__Rune_Brattsveen__Tarjei_Bø__Emil_Hegle_Svendsen_NOR,team,Norway,NOR
biathlon_world_team_France_Jean-Guillaume_Béatrix__Simon_Fourcade__Alexis_Buf__Martin_Fourcade_FRA,team,France,FRA
biathlon_world_team_Germany_Simon_Schempp__Andreas_Birnbacher__Michael_Greis__Arnd_Peiffer_GER,team,Germany,GER
biathlon_world_team_Norway_Tora_Berger__Synnøve_Solemdal__Ole_Einar_Bjørndalen__Emil_Hegle_Svendsen_NOR,team,Norway,NOR
biathlon_world_team_Slovenia_Andreja_Mali__Teja_Gregorin__Klemen_Bauer__Jakov_Fak_SLO,team,Slovenia,SLO
biathlon_world_team_Germany_Andrea_Henkel__Magdalena_Neuner__Andreas_Birnbacher__Arnd_Peiffer_GER,team,Germany,GER
biathlon_world_athlete_Marie-Laure_Brunet_FRA,athlete,Marie-Laure Brunet,FRA
biathlon_world_athlete_Olga_Vilukhina_RUS,athlete,Olga Vilukhina,RUS
biathlon_world_team_Germany_Tina_Bachmann__Magdalena_Neuner__Miriam_Gössner__Andrea_Henkel_GER,team,Germany,GER
biathlon_world_team_France_Marie-Laure_Brunet__Sophie_Boilley__Anaïs_Bescond__Marie_Dorin_FRA,team,France,FRA
biathlon_world_team_Norway_Fanny_Welle-Strand_Horn__Elise_Ringen__Synnøve_Solemdal__Tora_Berger_NOR,team,Norway,NOR
biathlon_world_athlete_Tim_Burke_USA,athlete,Tim Burke,USA
biathlon_world_team_Norway_Ole_Einar_Bjørndalen__Henrik_LAbée-Lund__Tarjei_Bø__Emil_Hegle_Svendsen_NOR,team,Norway,NOR
biathlon_world_team_France_Simon_Fourcade__Jean-Guillaume_Béatrix__Alexis_Buf__Martin_Fourcade_FRA,team,France,FRA
biathlon_world_team_Germany_Simon_Schempp__Andreas_Birnbacher__Arnd_Peiffer__Erik_Lesser_GER,team,Germany,GER
biathlon_world_team_Norway_Tora_Berger__Synnøve_Solemdal__Tarjei_Bø__Emil_Hegle_Svendsen_NOR,team,Norway,NOR
biathlon_world_team_France_Marie-Laure_Brunet__Marie_Dorin_Habert__Alexis_Buf__Martin_Fourcade_FRA,team,France,FRA
biathlon_world_team_Czech_Republic_Veronika_Vítková__Gabriela_Soukalová__Jaroslav_Soukup__Ondej_Moravec_CZE,team,Czech Republic,CZE
biathlon_world_athlete_Valentyna_Semerenko_UKR,athlete,Valentyna Semerenko,UKR
biathlon_world_athlete_Monika_Hojnisz_POL,athlete,Monika Hojnisz,POL
biathlon_world_athlete_Krystyna_Paka_POL,athlete,Krystyna Pałka,POL
biathlon_world_athlete_Olena_Pidhrushna_UKR,athlete,Olena Pidhrushna,UKR
biathlon_world_team_Norway_Hilde_Fenne__Ann_Kristin_Aafedt_Flatland__Synnøve_Solemdal__Tora_Berger_NOR,team,Norway,NOR
biathlon_world_team_Ukraine_Yuliia_Dzhima__Vita_Semerenko__Valentyna_Semerenko__Olena_Pidhrushna_UKR,team,Ukraine,UKR
biathlon_world_team_Italy_Dorothea_Wierer__Nicole_Gontier__Michela_Ponza__Karin_Oberhofer_ITA,team,Italy,ITA
biathlon_world_athlete_Ondej_Moravec_CZE,athlete,Ondřej Moravec,CZE
biathlon_world_athlete_Erik_Lesser_GER,athlete,Erik Lesser,GER
biathlon_world_team_Germany_Erik_Lesser__Daniel_Böhm__Arnd_Peiffer__Simon_Schempp_GER,team,Germany,GER
biathlon_world_team_Norway_Ole_Einar_Bjørndalen__Tarjei_Bø__Johannes_Thingnes_Bø__Emil_Hegle_Svendsen_NOR,team,Norway,NOR
biathlon_world_team_France_Simon_Fourcade__Jean-Guillaume_Béatrix__Quentin_Fillon_Maillet__Martin_Fourcade_FRA,team,France,FRA
biathlon_world_athlete_Johannes_Thingnes_Bø_NOR,athlete,Johannes Thingnes Bø,NOR
biathlon_world_athlete_Nathan_Smith_CAN,athlete,Nathan Smith,CAN
biathlon_world_team_Czech_Republic_Veronika_Vítková__Gabriela_Soukalová__Michal_lesingr__Ondej_Moravec_CZE,team,Czech Republic,CZE
biathlon_world_team_France_Anaïs_Bescond__Marie_Dorin_Habert__Jean-Guillaume_Béatrix__Martin_Fourcade_FRA,team,France,FRA
biathlon_world_team_Norway_Fanny_Welle-Strand_Horn__Tiril_Eckhoff__Johannes_Thingnes_Bø__Tarjei_Bø_NOR,team,Norway,NOR
biathlon_world_athlete_Ekaterina_Yurlova_RUS,athlete,Ekaterina Yurlova,RUS
biathlon_world_athlete_Gabriela_Soukalová_CZE,athlete,Gabriela Soukalová,CZE
biathlon_world_athlete_Franziska_Preuß_GER,athlete,Franziska Preuß,GER
biathlon_world_athlete_Karin_Oberhofer_ITA,athlete,Karin Oberhofer,ITA
biathlon_world_athlete_Marie_Dorin_Habert_FRA,athlete,Marie Dorin Habert,FRA
biathlon_world_athlete_Laura_Dahlmeier_GER,athlete,Laura Dahlmeier,GER
biathlon_world_athlete_Weronika_Nowakowska-Ziemniak_POL,athlete,Weronika Nowakowska-Ziemniak,POL
biathlon_world_team_Germany_Franziska_Hildebrand__Franziska_Preuß__Vanessa_Hinz__Laura_Dahlmeier_GER,team,Germany,GER
biathlon_world_team_France_Anaïs_Bescond__Enora_Latuillière__Justine_Braisaz__Marie_Dorin_Habert_FRA,team,France,FRA
biathlon_world_team_Italy_Lisa_Vittozzi__Karin_Oberhofer__Nicole_Gontier__Dorothea_Wierer_ITA,team,Italy,ITA
biathlon_world_athlete_Simon_Eder_AUT,athlete,Simon Eder,AUT
biathlon_world_team_Germany_Erik_Lesser__Benedikt_Doll__Arnd_Peiffer__Simon_Schempp_GER,team,Germany,GER
biathlon_world_team_Canada_Christian_Gow__Nathan_Smith__Scott_Gow__Brendan_Green_CAN,team,Canada,CAN
biathlon_world_athlete_Serhiy_Semenov_UKR,athlete,Serhiy Semenov,UKR
biathlon_world_team_France_Anaïs_Bescond__Marie_Dorin_Habert__Quentin_Fillon_Maillet__Martin_Fourcade_FRA,team,France,FRA
biathlon_world_team_Germany_Franziska_Preuß__Franziska_Hildebrand__Arnd_Peiffer__Simon_Schempp_GER,team,Germany,GER
biathlon_world_team_Norway_Marte_Olsbu__Tiril_Eckhoff__Johannes_Thingnes_Bø__Tarjei_Bø_NOR,team,Norway,NOR
biathlon_world_athlete_Anaïs_Bescond_FRA,athlete,Anaïs Bescond,FRA
biathlon_world_athlete_Dorothea_Wierer_ITA,athlete,Dorothea Wierer,ITA
biathlon_world_team_Norway_Synnøve_Solemdal__Fanny_Horn_Birkeland__Tiril_Eckhoff__Marte_Olsbu_NOR,team,Norway,NOR
biathlon_world_team_France_Justine_Braisaz__Anaïs_Bescond__Anaïs_Chevalier__Marie_Dorin_Habert_FRA,team,France,FRA
biathlon_world_team_Germany_Franziska_Preuß__Franziska_Hildebrand__Maren_Hammerschmidt__Laura_Dahlmeier_GER,team,Germany,GER
biathlon_world_athlete_Tiril_Eckhoff_NOR,athlete,Tiril Eckhoff,NOR
biathlon_world_athlete_Lowell_Bailey_USA,athlete,Lowell Bailey,USA
biathlon_world_athlete_Simon_Schempp_GER,athlete,Simon Schempp,GER
biathlon_world_team_Russia_Alexey_Volkov__Maxim_Tsvetkov__Anton_Babikov__Anton_Shipulin_RUS,team,Russia,RUS
biathlon_world_team_France_Jean-Guillaume_Béatrix__Quentin_Fillon_Maillet__Simon_Desthieux__Martin_Fourcade_FRA,team,France,FRA
biathlon_world_team_Austria_Daniel_Mesotitsch__Julian_Eberhard__Simon_Eder__Dominik_Landertinger_AUT,team,Austria,AUT
biathlon_world_athlete_Benedikt_Doll_GER,athlete,Benedikt Doll,GER
biathlon_world_team_Germany_Vanessa_Hinz__Laura_Dahlmeier__Arnd_Peiffer__Simon_Schempp_GER,team,Germany,GER
biathlon_world_team_France_Anaïs_Chevalier__Marie_Dorin_Habert__Quentin_Fillon_Maillet__Martin_Fourcade_FRA,team,France,FRA
biathlon_world_team_Russia_Olga_Podchufarova__Tatiana_Akimova__Alexander_Loginov__Anton_Shipulin_RUS,team,Russia,RUS
biathlon_world_athlete_Gabriela_Koukalová_CZE,athlete,Gabriela Koukalová,CZE
biathlon_world_athlete_Alexia_Runggaldier_ITA,athlete,Alexia Runggaldier,ITA
biathlon_world_athlete_Susan_Dunklee_USA,athlete,Susan Dunklee,USA
biathlon_world_team_Germany_Vanessa_Hinz__Maren_Hammerschmidt__Franziska_Hildebrand__Laura_Dahlmeier_GER,team,Germany,GER
biathlon_world_team_Ukraine_Iryna_Varvynets__Yuliia_Dzhima__Anastasiya_Merkushyna__Olena_Pidhrushna_UKR,team,Ukraine,UKR
biathlon_world_team_France_Anaïs_Chevalier__Célia_Aymonier__Justine_Braisaz__Marie_Dorin_Habert_FRA,team,France,FRA
biathlon_world_athlete_Anaïs_Chevalier_FRA,athlete,Anaïs Chevalier,FRA
biathlon_world_athlete_Vladimir_Iliev_BUL,athlete,Vladimir Iliev,BUL
biathlon_world_athlete_Dominik_Windisch_ITA,athlete,Dominik Windisch,ITA
biathlon_world_athlete_Antonin_Guigonnat_FRA,athlete,Antonin Guigonnat,FRA
biathlon_world_athlete_Julian_Eberhard_AUT,athlete,Julian Eberhard,AUT
biathlon_world_athlete_Dmytro_Pidruchnyi_UKR,athlete,Dmytro Pidruchnyi,UKR
biathlon_world_athlete_Quentin_Fillon_Maillet_FRA,athlete,Quentin Fillon Maillet,FRA
biathlon_world_team_Norway_Lars_Helge_Birkeland__Vetle_Sjåstad_Christiansen__Tarjei_Bø__Johannes_Thingnes_Bø_NOR,team,Norway,NOR
biathlon_world_team_Germany_Erik_Lesser__Roman_Rees__Arnd_Peiffer__Benedikt_Doll_GER,team,Germany,GER
biathlon_world_team_Russia_Matvey_Eliseev__Nikita_Porshnev__Dmitry_Malyshko__Alexander_Loginov_RUS,team,Russia,RUS
biathlon_world_athlete_Alexander_Loginov_RUS,athlete,Alexander Loginov,RUS
biathlon_world_team_Norway_Marte_Olsbu_Røiseland__Tiril_Eckhoff__Johannes_Thingnes_Bø__Vetle_Sjåstad_Christiansen_NOR,team,Norway,NOR
biathlon_world_team_Germany_Vanessa_Hinz__Denise_Herrmann__Arnd_Peiffer__Benedikt_Doll_GER,team,Germany,GER
biathlon_world_team_Italy_Lisa_Vittozzi__Dorothea_Wierer__Lukas_Hofer__Dominik_Windisch_ITA,team,Italy,ITA
biathlon_world_team_Norway_Marte_Olsbu_Røiseland__Johannes_Thingnes_Bø_NOR,team,Norway,NOR
biathlon_world_team_Italy_Dorothea_Wierer__Lukas_Hofer_ITA,team,Italy,ITA
biathlon_world_team_Sweden_Hanna_Öberg__Sebastian_Samuelsson_SWE,team,Sweden,SWE
biathlon_world_athlete_Hanna_Öberg_SWE,athlete,Hanna Öberg,SWE
biathlon_world_athlete_Lisa_Vittozzi_ITA,athlete,Lisa Vittozzi,ITA
biathlon_world_athlete_Justine_Braisaz_FRA,athlete,Justine Braisaz,FRA
biathlon_world_athlete_Ekaterina_Yurlova-Percht_RUS,athlete,Ekaterina Yurlova-Percht,RUS
biathlon_world_athlete_Denise_Herrmann_GER,athlete,Denise Herrmann,GER
biathlon_world_team_Norway_Synnøve_Solemdal__Ingrid_Landmark_Tandrevold__Tiril_Eckhoff__Marte_Olsbu_Røiseland_NOR,team,Norway,NOR
biathlon_world_team_Sweden_Linn_Persson__Mona_Brorsson__Anna_Magnusson__Hanna_Öberg_SWE,team,Sweden,SWE
biathlon_world_team_Ukraine_Anastasiya_Merkushyna__Vita_Semerenko__Yuliia_Dzhima__Valentyna_Semerenko_UKR,team,Ukraine,UKR
biathlon_world_athlete_Ingrid_Landmark_Tandrevold_NOR,athlete,Ingrid Landmark Tandrevold,NOR
biathlon_world_athlete_Émilien_Jacquelin_FRA,athlete,Émilien Jacquelin,FRA
biathlon_world_team_France_Émilien_Jacquelin__Martin_Fourcade__Simon_Desthieux__Quentin_Fillon_Maillet_FRA,team,France,FRA
biathlon_world_team_Norway_Vetle_Sjåstad_Christiansen__Johannes_Dale__Tarjei_Bø__Johannes_Thingnes_Bø_NOR,team,Norway,NOR
biathlon_world_team_Germany_Erik_Lesser__Philipp_Horn__Arnd_Peiffer__Benedikt_Doll_GER,team,Germany,GER
biathlon_world_team_Norway_Marte_Olsbu_Røiseland__Tiril_Eckhoff__Tarjei_Bø__Johannes_Thingnes_Bø_NOR,team,Norway,NOR
biathlon_world_team_Czech_Republic_Eva_Kristejn_Puskaríková__Markéta_Davidová__Ondej_Moravec__Michal_Krmá_CZE,team,Czech Republic,CZE
biathlon_world_team_Germany_Franziska_Preuß__Erik_Lesser_GER,team,Germany,GER
biathlon_world_team_France_Anaïs_Bescond__Émilien_Jacquelin_FRA,team,France,FRA
biathlon_world_athlete_Vanessa_Hinz_GER,athlete,Vanessa Hinz,GER
biathlon_world_athlete_Marte_Olsbu_Røiseland_NOR,athlete,Marte Olsbu Røiseland,NOR
biathlon_world_team_Germany_Karolin_Horchler__Vanessa_Hinz__Franziska_Preuß__Denise_Herrmann_GER,team,Germany,GER
biathlon_world_team_Ukraine_Anastasiya_Merkushyna__Yuliia_Dzhima__Vita_Semerenko__Olena_Pidhrushna_UKR,team,Ukraine,UKR
biathlon_world_athlete_Lucie_Charvátová_CZE,athlete,Lucie Charvátová,CZE
biathlon_world_athlete_Sturla_Holm_Lægreid_NOR,athlete,Sturla Holm Lægreid,NOR
biathlon_world_athlete_Johannes_Dale_NOR,athlete,Johannes Dale,NOR
biathlon_world_athlete_Sebastian_Samuelsson_SWE,athlete,Sebastian Samuelsson,SWE
biathlon_world_team_Norway_Sturla_Holm_Lægreid__Tarjei_Bø__Johannes_Thingnes_Bø__Vetle_Sjåstad_Christiansen_NOR,team,Norway,NOR
biathlon_world_team_Sweden_Peppe_Femling__Jesper_Nelin__Martin_Ponsiluoma__Sebastian_Samuelsson_SWE,team,Sweden,SWE
biathlon_world_team_Russia_Said_Karimulla_Khalili__Matvey_Eliseev__Alexander_Loginov__Eduard_Latypov_RUS,team,Russia,RUS
biathlon_world_athlete_Martin_Ponsiluoma_SWE,athlete,Martin Ponsiluoma,SWE
biathlon_world_athlete_Simon_Desthieux_FRA,athlete,Simon Desthieux,FRA
biathlon_world_team_Norway_Sturla_Holm_Lægreid__Johannes_Thingnes_Bø__Tiril_Eckhoff__Marte_Olsbu_Røiseland_NOR,team,Norway,NOR
biathlon_world_team_Austria_David_Komatz__Simon_Eder__Dunja_Zdouc__Lisa_Theresa_Hauser_AUT,team,Austria,AUT
biathlon_world_team_Sweden_Sebastian_Samuelsson__Martin_Ponsiluoma__Linn_Persson__Hanna_Öberg_SWE,team,Sweden,SWE
biathlon_world_team_France_Antonin_Guigonnat__Julia_Simon_FRA,team,France,FRA
biathlon_world_team_Norway_Johannes_Thingnes_Bø__Tiril_Eckhoff_NOR,team,Norway,NOR
biathlon_world_team_Sweden_Sebastian_Samuelsson__Hanna_Öberg_SWE,team,Sweden,SWE
biathlon_world_athlete_Markéta_Davidová_CZE,athlete,Markéta Davidová,CZE
biathlon_world_athlete_Lisa_Theresa_Hauser_AUT,athlete,Lisa Theresa Hauser,AUT
biathlon_world_athlete_Anaïs_Chevalier-Bouchet_FRA,athlete,Anaïs Chevalier-Bouchet,FRA
biathlon_world_team_Norway_Ingrid_Landmark_Tandrevold__Tiril_Eckhoff__Ida_Lien__Marte_Olsbu_Røiseland_NOR,team,Norway,NOR
biathlon_world_team_Germany_Vanessa_Hinz__Janina_Hettich__Denise_Herrmann__Franziska_Preuß_GER,team,Germany,GER
biathlon_world_team_Ukraine_Anastasiya_Merkushyna__Yuliia_Dzhima__Darya_Blashko__Olena_Pidhrushna_UKR,team,Ukraine,UKR
biathlon_world_athlete_Hanna_Sola_BLR,athlete,Hanna Sola,BLR
biathlon_world_team_France_Antonin_Guigonnat__Fabien_Claude__Émilien_Jacquelin__Quentin_Fillon_Maillet_FRA,team,France,FRA
biathlon_world_team_Norway_Vetle_Sjåstad_Christiansen__Tarjei_Bø__Sturla_Holm_Lægreid__Johannes_Thingnes_Bø_NOR,team,Norway,NOR
biathlon_world_team_Sweden_Peppe_Femling__Martin_Ponsiluoma__Jesper_Nelin__Sebastian_Samuelsson_SWE,team,Sweden,SWE
biathlon_world_team_Norway_Ingrid_Landmark_Tandrevold__Marte_Olsbu_Røiseland__Sturla_Holm_Lægreid__Johannes_Thingnes_Bø_NOR,team,Norway,NOR
biathlon_world_team_Italy_Lisa_Vittozzi__Dorothea_Wierer__Didier_Bionaz__Tommaso_Giacomel_ITA,team,Italy,ITA
biathlon_world_team_France_Julia_Simon__Anaïs_Chevalier-Bouchet__Émilien_Jacquelin__Quentin_Fillon_Maillet_FRA,team,France,FRA
biathlon_world_team_Austria_Lisa_Theresa_Hauser__David_Komatz_AUT,team,Austria,AUT
biathlon_world_team_Italy_Lisa_Vittozzi__Tommaso_Giacomel_ITA,team,Italy,ITA
biathlon_world_athlete_Linn_Persson_SWE,athlete,Linn Persson,SWE
biathlon_world_athlete_Julia_Simon_FRA,athlete,Julia Simon,FRA
biathlon_world_athlete_Denise_Herrmann-Wick_GER,athlete,Denise Herrmann-Wick,GER
biathlon_world_team_Italy_Samuela_Comola__Dorothea_Wierer__Hannah_Auchentaller__Lisa_Vittozzi_ITA,team,Italy,ITA
biathlon_world_team_Germany_Vanessa_Voigt__Hanna_Kebinger__Sophia_Schneider__Denise_Herrmann-Wick_GER,team,Germany,GER
biathlon_world_team_Sweden_Linn_Persson__Anna_Magnusson__Elvira_Öberg__Hanna_Öberg_SWE,team,Sweden,SWE
biathlon_world_athlete_Andrejs_Rastorgujevs_LAT,athlete,Andrejs Rastorgujevs,LAT
biathlon_world_athlete_Vetle_Sjåstad_Christiansen_NOR,athlete,Vetle Sjåstad Christiansen,NOR
biathlon_world_team_Sweden_Viktor_Brandt__Jesper_Nelin__Martin_Ponsiluoma__Sebastian_Samuelsson_SWE,team,Sweden,SWE
biathlon_world_team_France_Éric_Perrot__Fabien_Claude__Émilien_Jacquelin__Quentin_Fillon_Maillet_FRA,team,France,FRA
biathlon_world_team_France_Éric_Perrot__Quentin_Fillon_Maillet__Justine_Braisaz-Bouchet__Julia_Simon_FRA,team,France,FRA
biathlon_world_team_Norway_Tarjei_Bø__Johannes_Thingnes_Bø__Karoline_Offigstad_Knotten__Ingrid_Landmark_Tandrevold_NOR,team,Norway,NOR
biathlon_world_team_Sweden_Sebastian_Samuelsson__Martin_Ponsiluoma__Hanna_Öberg__Elvira_Öberg_SWE,team,Sweden,SWE
biathlon_world_team_France_Quentin_Fillon_Maillet__Lou_Jeanmonnot_FRA,team,France,FRA
biathlon_world_team_Italy_Tommaso_Giacomel__Lisa_Vittozzi_ITA,team,Italy,ITA
biathlon_world_team_Norway_Johannes_Thingnes_Bø__Ingrid_Landmark_Tandrevold_NOR,team,Norway,NOR
biathlon_world_athlete_Janina_Hettich-Walz_GER,athlete,Janina Hettich-Walz,GER
biathlon_world_athlete_Justine_Braisaz-Bouchet_FRA,athlete,Justine Braisaz-Bouchet,FRA
biathlon_world_athlete_Lou_Jeanmonnot_FRA,athlete,Lou Jeanmonnot,FRA
biathlon_world_team_France_Lou_Jeanmonnot__Sophie_Chauveau__Justine_Braisaz-Bouchet__Julia_Simon_FRA,team,France,FRA
biathlon_world_team_Sweden_Anna_Magnusson__Linn_Persson__Hanna_Öberg__Elvira_Öberg_SWE,team,Sweden,SWE
biathlon_world_team_Germany_Janina_Hettich-Walz__Selina_Grotian__Vanessa_Voigt__Sophia_Schneider_GER,team,Germany,GER
biathlon_world_athlete_Éric_Perrot_FRA,athlete,Éric Perrot,FRA
biathlon_world_athlete_Tommaso_Giacomel_ITA,athlete,Tommaso Giacomel,ITA
biathlon_world_athlete_Endre_Strømsheim_NOR,athlete,Endre Strømsheim,NOR
biathlon_world_athlete_Campbell_Wright_USA,athlete,Campbell Wright,USA
biathlon_world_team_Norway_Endre_Strømsheim__Tarjei_Bø__Sturla_Holm_Lægreid__Johannes_Thingnes_Bø_NOR,team,Norway,NOR
biathlon_world_team_France_Émilien_Claude__Fabien_Claude__Éric_Perrot__Quentin_Fillon_Maillet_FRA,team,France,FRA
biathlon_world_team_Germany_Philipp_Nawrath__Danilo_Riethmüller__Johannes_Kühn__Philipp_Horn_GER,team,Germany,GER
biathlon_world_team_France_Julia_Simon__Lou_Jeanmonnot__Éric_Perrot__Émilien_Jacquelin_FRA,team,France,FRA
biathlon_world_team_Czech_Republic_Jessica_Jislová__Tereza_Voborníková__Vítzslav_Hornig__Michal_Krmá_CZE,team,Czech Republic,CZE
biathlon_world_team_Germany_Selina_Grotian__Franziska_Preuß__Philipp_Nawrath__Justus_Strelow_GER,team,Germany,GER
biathlon_world_team_France_Julia_Simon__Quentin_Fillon_Maillet_FRA,team,France,FRA
biathlon_world_team_Norway_Ragnhild_Femsteinevik__Johannes_Thingnes_Bø_NOR,team,Norway,NOR
biathlon_world_team_Germany_Franziska_Preuß__Justus_Strelow_GER,team,Germany,GER
biathlon_world_athlete_Ella_Halvarsson_SWE,athlete,Ella Halvarsson,SWE
biathlon_world_athlete_Elvira_Öberg_SWE,athlete,Elvira Öberg,SWE
biathlon_world_athlete_Océane_Michelon_FRA,athlete,Océane Michelon,FRA
biathlon_world_athlete_Maren_Kirkeeide_NOR,athlete,Maren Kirkeeide,NOR
biathlon_world_team_France_Lou_Jeanmonnot__Océane_Michelon__Justine_Braisaz-Bouchet__Julia_Simon_FRA,team,France,FRA
biathlon_world_team_Norway_Karoline_Offigstad_Knotten__Ingrid_Landmark_Tandrevold__Ragnhild_Femsteinevik__Maren_Kirkeeide_NOR,team,Norway,NOR
biathlon_world_team_Sweden_Anna_Magnusson__Ella_Halvarsson__Hanna_Öberg__Elvira_Öberg_SWE,team,Sweden,SWE
biathlon_world_athlete_Suvi_Minkkinen_FIN,athlete,Suvi Minkkinen,FIN
