sport,requested_year,effective_date,country_name,country_code,source_rank,points
mru,2020,2020-12-28,South Africa,ZAF,1,94.19552411380744
mru,2020,2020-12-28,England,ENG,2,89.4870925203653
mru,2020,2020-12-28,New Zealand,NZL,3,88.95117451813175
mru,2020,2020-12-28,France,FRA,4,85.30402572376639
mru,2020,2020-12-28,Ireland,IRL,5,84.65066173701928
mru,2020,2020-12-28,Australia,AUS,6,83.07919186732138
mru,2020,2020-12-28,Scotland,SCO,7,80.81608009108159
mru,2020,2020-12-28,Argentina,ARG,8,80.30508585222823
mru,2020,2020-12-28,Wales,WAL,9,79.36356687892018
mru,2020,2020-12-28,Japan,JPN,10,79.28814880867652
mru,2020,2020-12-28,Fiji,FJI,11,76.87034419907285
mru,2020,2020-12-28,Georgia,GEO,12,72.18129397008919
mru,2020,2020-12-28,Tonga,TON,13,71.43809651184523
mru,2020,2020-12-28,Italy,ITA,14,70.88456620118458
mru,2020,2020-12-28,Samoa,WSM,15,70.71915268111617
mru,2020,2020-12-28,USA,USA,16,68.09613293058611
mru,2020,2020-12-28,Spain,ESP,17,67.51223078565857
mru,2020,2020-12-28,Uruguay,URY,18,67.01548005191843
mru,2020,2020-12-28,Romania,ROU,19,65.32507432033003
mru,2020,2020-12-28,Portugal,PRT,20,62.44490611696459
mru,2020,2020-12-28,Russia,RUS,21,62.11656323013591
mru,2020,2020-12-28,Hong Kong China,HKG,22,61.23134129802591
mru,2020,2020-12-28,Canada,CAN,23,61.10700748275581
mru,2020,2020-12-28,Namibia,NAM,24,61.03848307224272
mru,2020,2020-12-28,Netherlands,NLD,25,60.09217350994533
mru,2020,2020-12-28,Brazil,BRA,26,57.706327336833446
mru,2020,2020-12-28,Belgium,BEL,27,57.167680409877555
mru,2020,2020-12-28,Switzerland,CHE,28,54.12384004366224
mru,2020,2020-12-28,Chile,CHL,29,53.811682538727766
mru,2020,2020-12-28,Germany,DEU,30,53.13359279809373
mru,2020,2020-12-28,Korea,KOR,31,53.1080675204941
mru,2020,2020-12-28,Kenya,KEN,32,52.55264099431328
mru,2020,2020-12-28,Colombia,COL,33,51.86912538393289
mru,2020,2020-12-28,Poland,POL,34,51.12777644384646
mru,2020,2020-12-28,Zimbabwe,ZWE,35,50.707025465062756
mru,2020,2020-12-28,Ukraine,UKR,36,50.34669616278553
mru,2020,2020-12-28,Czechia,CZE,37,50.03351742852971
mru,2020,2020-12-28,Malta,MLT,38,49.12601925819086
mru,2020,2020-12-28,Tunisia,TUN,39,48.54903005522828
mru,2020,2020-12-28,Uganda,UGA,40,47.85395343779786
mru,2020,2020-12-28,Philippines,PHL,41,47.79565441444189
mru,2020,2020-12-28,Cote D'Ivoire,CIV,42,47.624937474740136
mru,2020,2020-12-28,Mexico,MEX,43,47.21997381579543
mru,2020,2020-12-28,Lithuania,LTU,44,47.15551968995885
mru,2020,2020-12-28,Croatia,HRV,45,46.92127445643195
mru,2020,2020-12-28,Paraguay,PRY,46,46.87132059625185
mru,2020,2020-12-28,Sri Lanka,LKA,47,46.725970816327404
mru,2020,2020-12-28,Morocco,MAR,48,46.33345200516988
mru,2020,2020-12-28,Malaysia,MYS,49,46.118857395265
mru,2020,2020-12-28,Trinidad & Tobago,TTO,50,45.50985632221536
mru,2020,2020-12-28,Madagascar,MDG,51,45.14458274680537
mru,2020,2020-12-28,Cook Islands,COK,52,45.106883747652994
mru,2020,2020-12-28,Sweden,SWE,53,45.035356735503896
mru,2020,2020-12-28,Senegal,SEN,54,44.88653362791059
mru,2020,2020-12-28,Singapore,SGP,55,44.04501371881927
mru,2020,2020-12-28,Luxembourg,LUX,56,43.40626653048912
mru,2020,2020-12-28,Cayman Islands,CYM,57,42.97032897099948
mru,2020,2020-12-28,Guyana,GUY,58,42.86223208850565
mru,2020,2020-12-28,Moldova,MDA,59,42.13647089765134
mru,2020,2020-12-28,Israel,ISR,60,41.67564832620073
mru,2020,2020-12-28,United Arab Emirates,ARE,61,41.23229167448233
mru,2020,2020-12-28,Kazakhstan,KAZ,62,40.86370015813171
mru,2020,2020-12-28,Latvia,LVA,63,40.845961281781264
mru,2020,2020-12-28,Hungary,HUN,64,40.677120605612686
mru,2020,2020-12-28,Chinese Taipei,TPE,65,39.229748477122634
mru,2020,2020-12-28,Zambia,ZMB,66,39.04228039365382
mru,2020,2020-12-28,Jamaica,JAM,67,39.00289216517771
mru,2020,2020-12-28,Bermuda,BMU,68,38.91146457164229
mru,2020,2020-12-28,Nigeria,NGA,69,38.371356953172324
mru,2020,2020-12-28,Slovenia,SVN,70,37.564312853056215
mru,2020,2020-12-28,Denmark,DNK,71,37.3556206514709
mru,2020,2020-12-28,Andorra,AND,72,36.97402361191961
mru,2020,2020-12-28,Bulgaria,BGR,73,36.54362372064614
mru,2020,2020-12-28,Guam,GUM,74,36.37834645978975
mru,2020,2020-12-28,Peru,PER,75,36.34962670617964
mru,2020,2020-12-28,Thailand,THA,76,36.276843055385406
mru,2020,2020-12-28,Botswana,BWA,77,36.21395294232694
mru,2020,2020-12-28,Venezuela,VEN,78,35.872916157258715
mru,2020,2020-12-28,St Vincent and the Grenadines,VCT,79,34.91461494604602
mru,2020,2020-12-28,China,CHN,80,34.91418975961267
mru,2020,2020-12-28,Barbados,BRB,81,34.724777640377326
mru,2020,2020-12-28,Bosnia & Herzegovina,BIH,82,33.78127092277392
mru,2020,2020-12-28,Papua New Guinea,PNG,83,33.68373495485308
mru,2020,2020-12-28,India,IND,84,33.397966597211294
mru,2020,2020-12-28,Austria,AUT,85,33.03452066325166
mru,2020,2020-12-28,Finland,FIN,86,33.01361820246195
mru,2020,2020-12-28,Ghana,GHA,87,32.52018865379307
mru,2020,2020-12-28,Serbia,SRB,88,32.34573627096671
mru,2020,2020-12-28,Uzbekistan,UZB,89,31.329367523516588
mru,2020,2020-12-28,Mauritius,MUS,90,30.5580989461403
mru,2020,2020-12-28,Pakistan,PAK,91,29.990459653924564
mru,2020,2020-12-28,Rwanda,RWA,92,29.783758194069794
mru,2020,2020-12-28,Costa Rica,CRI,93,29.355816477561113
mru,2020,2020-12-28,Niue Island,NIU,94,28.62618599821591
mru,2020,2020-12-28,Norway,NOR,95,28.266969578643693
mru,2020,2020-12-28,Tahiti,TAH,96,27.78896054026218
mru,2020,2020-12-28,Bahamas,BHS,97,27.75692421788799
mru,2020,2020-12-28,Eswatini,SWZ,98,26.041034781746408
mru,2020,2020-12-28,Solomon Islands,SLB,99,23.808434464606137
mru,2020,2020-12-28,Indonesia,IDN,100,21.94819879866199
mru,2020,2020-12-28,Cameroon,CMR,101,20.326571024664354
mru,2020,2020-12-28,Monaco,MCO,102,17.171558073802643
mru,2020,2020-12-28,Greece,GRC,103,16.5464517270594
mru,2020,2020-12-28,Vanuatu,VUT,104,15.453693567713898
mru,2020,2020-12-28,American Samoa,ASM,105,13.532106726695798
mru,2021,2021-12-27,South Africa,ZAF,1,90.6061491382187
mru,2021,2021-12-27,New Zealand,NZL,2,88.74670660004855
mru,2021,2021-12-27,England,ENG,3,87.83493189995278
mru,2021,2021-12-27,Ireland,IRL,4,86.52960483571194
mru,2021,2021-12-27,France,FRA,5,85.52721444250692
mru,2021,2021-12-27,Australia,AUS,6,83.91665626109685
mru,2021,2021-12-27,Scotland,SCO,7,83.05443865526541
mru,2021,2021-12-27,Wales,WAL,8,81.56063515825288
mru,2021,2021-12-27,Argentina,ARG,9,80.58022914792298
mru,2021,2021-12-27,Japan,JPN,10,78.26146332912076
mru,2021,2021-12-27,Fiji,FJI,11,76.62240994293711
mru,2021,2021-12-27,Georgia,GEO,12,73.72173511191754
mru,2021,2021-12-27,Samoa,WSM,13,73.58748335795208
mru,2021,2021-12-27,Italy,ITA,14,70.5080543145294
mru,2021,2021-12-27,Romania,ROU,15,67.90885886192324
mru,2021,2021-12-27,Tonga,TON,16,67.71855394911086
mru,2021,2021-12-27,USA,USA,17,66.53585537043153
mru,2021,2021-12-27,Uruguay,URY,18,66.39895389513808
mru,2021,2021-12-27,Spain,ESP,19,66.19670890018692
mru,2021,2021-12-27,Portugal,PRT,20,65.83530381732312
mru,2021,2021-12-27,Canada,CAN,21,61.80065105732112
mru,2021,2021-12-27,Hong Kong China,HKG,22,61.23134129802591
mru,2021,2021-12-27,Chile,CHL,23,59.87757799947653
mru,2021,2021-12-27,Namibia,NAM,24,59.71596712710912
mru,2021,2021-12-27,Russia,RUS,25,58.601690815991994
mru,2021,2021-12-27,Netherlands,NLD,26,56.8191364778027
mru,2021,2021-12-27,Belgium,BEL,27,54.861398191196706
mru,2021,2021-12-27,Poland,POL,28,53.807543320060795
mru,2021,2021-12-27,Brazil,BRA,29,53.312842936644444
mru,2021,2021-12-27,Germany,DEU,30,53.15424583102278
mru,2021,2021-12-27,Korea,KOR,31,53.1080675204941
mru,2021,2021-12-27,Colombia,COL,32,51.86912538393289
mru,2021,2021-12-27,Zimbabwe,ZWE,33,51.81764883770295
mru,2021,2021-12-27,Kenya,KEN,34,51.76855348718511
mru,2021,2021-12-27,Switzerland,CHE,35,51.53314040770652
mru,2021,2021-12-27,Czechia,CZE,36,50.86858432343645
mru,2021,2021-12-27,Ukraine,UKR,37,50.22787574079834
mru,2021,2021-12-27,Malta,MLT,38,49.2698486176774
mru,2021,2021-12-27,Tunisia,TUN,39,48.54903005522828
mru,2021,2021-12-27,Cote D'Ivoire,CIV,40,47.87690200194666
mru,2021,2021-12-27,Philippines,PHL,41,47.79565441444189
mru,2021,2021-12-27,Mexico,MEX,42,47.632527089076035
mru,2021,2021-12-27,Lithuania,LTU,43,47.16461983875837
mru,2021,2021-12-27,Senegal,SEN,44,47.10210830448491
mru,2021,2021-12-27,Croatia,HRV,45,46.92127445643195
mru,2021,2021-12-27,Madagascar,MDG,46,46.892618219598845
mru,2021,2021-12-27,Paraguay,PRY,47,46.87132059625185
mru,2021,2021-12-27,Sri Lanka,LKA,48,46.725970816327404
mru,2021,2021-12-27,Morocco,MAR,49,46.33345200516988
mru,2021,2021-12-27,Malaysia,MYS,50,46.118857395265
mru,2021,2021-12-27,Uganda,UGA,51,45.85395343779786
mru,2021,2021-12-27,Sweden,SWE,52,45.84099320475168
mru,2021,2021-12-27,Trinidad & Tobago,TTO,53,45.50985632221536
mru,2021,2021-12-27,Cook Islands,COK,54,45.106883747652994
mru,2021,2021-12-27,Singapore,SGP,55,44.04501371881927
mru,2021,2021-12-27,Guyana,GUY,56,42.86223208850565
mru,2021,2021-12-27,Cayman Islands,CYM,57,42.55777569771887
mru,2021,2021-12-27,Moldova,MDA,58,42.13647089765134
mru,2021,2021-12-27,Luxembourg,LUX,59,41.76556316633459
mru,2021,2021-12-27,Israel,ISR,60,41.67564832620073
mru,2021,2021-12-27,United Arab Emirates,ARE,61,41.23229167448233
mru,2021,2021-12-27,Kazakhstan,KAZ,62,40.86370015813171
mru,2021,2021-12-27,Latvia,LVA,63,40.845961281781264
mru,2021,2021-12-27,Hungary,HUN,64,40.677120605612686
mru,2021,2021-12-27,Chinese Taipei,TPE,65,39.229748477122634
mru,2021,2021-12-27,Jamaica,JAM,66,39.00289216517771
mru,2021,2021-12-27,Bermuda,BMU,67,38.91146457164229
mru,2021,2021-12-27,Zambia,ZMB,68,38.8267057170795
mru,2021,2021-12-27,Nigeria,NGA,69,38.371356953172324
mru,2021,2021-12-27,Bulgaria,BGR,70,38.205917347965446
mru,2021,2021-12-27,Denmark,DNK,71,38.16825278238106
mru,2021,2021-12-27,Slovenia,SVN,72,37.42048349356968
mru,2021,2021-12-27,Guam,GUM,73,36.37834645978975
mru,2021,2021-12-27,Peru,PER,74,36.34962670617964
mru,2021,2021-12-27,Thailand,THA,75,36.276843055385406
mru,2021,2021-12-27,Botswana,BWA,76,36.21395294232694
mru,2021,2021-12-27,Venezuela,VEN,77,35.872916157258715
mru,2021,2021-12-27,Andorra,AND,78,35.20118363497313
mru,2021,2021-12-27,St Vincent and the Grenadines,VCT,79,34.91461494604602
mru,2021,2021-12-27,China,CHN,80,34.91418975961267
mru,2021,2021-12-27,Barbados,BRB,81,34.724777640377326
mru,2021,2021-12-27,Bosnia & Herzegovina,BIH,82,34.01846381940124
mru,2021,2021-12-27,Papua New Guinea,PNG,83,33.68373495485308
mru,2021,2021-12-27,India,IND,84,33.397966597211294
mru,2021,2021-12-27,Ghana,GHA,85,33.268169788413765
mru,2021,2021-12-27,Austria,AUT,86,33.03452066325166
mru,2021,2021-12-27,Finland,FIN,87,32.747818447362846
mru,2021,2021-12-27,Serbia,SRB,88,32.21908972396657
mru,2021,2021-12-27,Uzbekistan,UZB,89,31.329367523516588
mru,2021,2021-12-27,Algeria,DZA,90,31.252018865379306
mru,2021,2021-12-27,Burkina Faso,BFA,91,31.05
mru,2021,2021-12-27,Mauritius,MUS,92,30.5580989461403
mru,2021,2021-12-27,Iran,IRN,93,30.0
mru,2021,2021-12-27,Laos,LAO,93,30.0
mru,2021,2021-12-27,Pakistan,PAK,95,29.990459653924564
mru,2021,2021-12-27,Rwanda,RWA,96,29.783758194069794
mru,2021,2021-12-27,Costa Rica,CRI,97,29.355816477561113
mru,2021,2021-12-27,Niue Island,NIU,98,28.62618599821591
mru,2021,2021-12-27,Bahamas,BHS,99,27.75692421788799
mru,2021,2021-12-27,Norway,NOR,100,27.72013720283264
mru,2021,2021-12-27,Burundi,BDI,101,26.15648565369965
mru,2021,2021-12-27,Eswatini,SWZ,102,26.041034781746408
mru,2021,2021-12-27,Solomon Islands,SLB,103,23.808434464606137
mru,2021,2021-12-27,Cameroon,CMR,104,23.1200853709647
mru,2021,2021-12-27,Indonesia,IDN,105,21.94819879866199
mru,2021,2021-12-27,Monaco,MCO,106,17.171558073802643
mru,2021,2021-12-27,Greece,GRC,107,16.5464517270594
mru,2021,2021-12-27,Vanuatu,VUT,108,15.453693567713898
mru,2021,2021-12-27,American Samoa,ASM,109,13.532106726695798
mru,2022,2022-12-26,Ireland,IRL,1,90.62804122667698
mru,2022,2022-12-26,France,FRA,2,90.00591294387475
mru,2022,2022-12-26,New Zealand,NZL,3,88.97597071875435
mru,2022,2022-12-26,South Africa,ZAF,4,88.96917494835505
mru,2022,2022-12-26,England,ENG,5,83.6559289025483
mru,2022,2022-12-26,Australia,AUS,6,81.80232191538335
mru,2022,2022-12-26,Scotland,SCO,7,81.55200885402107
mru,2022,2022-12-26,Argentina,ARG,8,80.71753959349684
mru,2022,2022-12-26,Wales,WAL,9,78.09406817448142
mru,2022,2022-12-26,Japan,JPN,10,77.39376631704329
mru,2022,2022-12-26,Samoa,WSM,11,76.02595819815704
mru,2022,2022-12-26,Italy,ITA,12,75.94782538536053
mru,2022,2022-12-26,Georgia,GEO,13,75.18943232589717
mru,2022,2022-12-26,Fiji,FJI,14,74.84451149253461
mru,2022,2022-12-26,Tonga,TON,15,71.20638390344487
mru,2022,2022-12-26,Spain,ESP,16,67.16656362116738
mru,2022,2022-12-26,Uruguay,URY,17,66.24486840139917
mru,2022,2022-12-26,Portugal,PRT,18,65.96962974393516
mru,2022,2022-12-26,USA,USA,19,65.92085331876476
mru,2022,2022-12-26,Romania,ROU,20,64.78879248594296
mru,2022,2022-12-26,Namibia,NAM,21,61.598886817616105
mru,2022,2022-12-26,Chile,CHL,22,60.88880831461839
mru,2022,2022-12-26,Canada,CAN,23,60.45703096528077
mru,2022,2022-12-26,Hong Kong China,HKG,24,59.657158007333074
mru,2022,2022-12-26,Russia,RUS,25,58.06119262441148
mru,2022,2022-12-26,Belgium,BEL,26,55.974670828325536
mru,2022,2022-12-26,Brazil,BRA,27,55.23177017368442
mru,2022,2022-12-26,Switzerland,CHE,28,53.80401150328147
mru,2022,2022-12-26,Netherlands,NLD,29,53.1188044331625
mru,2022,2022-12-26,Poland,POL,30,53.03449194968203
mru,2022,2022-12-26,Germany,DEU,31,52.79035442658153
mru,2022,2022-12-26,Korea,KOR,32,52.621851531341356
mru,2022,2022-12-26,Zimbabwe,ZWE,33,52.43299312866253
mru,2022,2022-12-26,Kenya,KEN,34,51.79316966917276
mru,2022,2022-12-26,Czechia,CZE,35,50.259143552440314
mru,2022,2022-12-26,Ukraine,UKR,36,49.606324073820595
mru,2022,2022-12-26,Colombia,COL,37,48.686243481962364
mru,2022,2022-12-26,Tunisia,TUN,38,48.54903005522828
mru,2022,2022-12-26,Paraguay,PRY,39,48.13527526118241
mru,2022,2022-12-26,Lithuania,LTU,40,48.09071635159904
mru,2022,2022-12-26,Sweden,SWE,41,48.06396512252277
mru,2022,2022-12-26,Philippines,PHL,42,47.79565441444189
mru,2022,2022-12-26,Uganda,UGA,43,47.25068034633669
mru,2022,2022-12-26,Madagascar,MDG,44,46.892618219598845
mru,2022,2022-12-26,Malta,MLT,45,46.751056254089576
mru,2022,2022-12-26,Sri Lanka,LKA,46,46.725970816327404
mru,2022,2022-12-26,Croatia,HRV,47,46.66987710445527
mru,2022,2022-12-26,Morocco,MAR,48,46.33345200516988
mru,2022,2022-12-26,Cote D'Ivoire,CIV,49,46.23820366795943
mru,2022,2022-12-26,Malaysia,MYS,50,46.117238914049366
mru,2022,2022-12-26,Mexico,MEX,51,45.821314380372456
mru,2022,2022-12-26,Trinidad & Tobago,TTO,52,45.50985632221536
mru,2022,2022-12-26,Cook Islands,COK,53,45.106883747652994
mru,2022,2022-12-26,Cayman Islands,CYM,54,44.368988406422446
mru,2022,2022-12-26,Singapore,SGP,55,44.04501371881927
mru,2022,2022-12-26,Senegal,SEN,56,43.216011818557014
mru,2022,2022-12-26,Moldova,MDA,57,43.039649086124314
mru,2022,2022-12-26,Guyana,GUY,58,42.86223208850565
mru,2022,2022-12-26,Bulgaria,BGR,59,42.40076479443095
mru,2022,2022-12-26,United Arab Emirates,ARE,60,41.23229167448233
mru,2022,2022-12-26,Luxembourg,LUX,61,41.08010526599023
mru,2022,2022-12-26,Israel,ISR,62,40.97892861066637
mru,2022,2022-12-26,Kazakhstan,KAZ,63,40.910266894670194
mru,2022,2022-12-26,Latvia,LVA,64,40.730337667858166
mru,2022,2022-12-26,Chinese Taipei,TPE,65,39.229748477122634
mru,2022,2022-12-26,Hungary,HUN,66,39.10512415074565
mru,2022,2022-12-26,Jamaica,JAM,67,39.00289216517771
mru,2022,2022-12-26,Bermuda,BMU,68,38.91146457164229
mru,2022,2022-12-26,Zambia,ZMB,69,38.8267057170795
mru,2022,2022-12-26,Nigeria,NGA,70,38.371356953172324
mru,2022,2022-12-26,Guam,GUM,71,36.37834645978975
mru,2022,2022-12-26,Peru,PER,72,36.34962670617964
mru,2022,2022-12-26,Algeria,DZA,73,36.252018865379306
mru,2022,2022-12-26,Botswana,BWA,74,36.21395294232694
mru,2022,2022-12-26,Denmark,DNK,75,36.104249868651415
mru,2022,2022-12-26,Venezuela,VEN,76,35.872916157258715
mru,2022,2022-12-26,Slovenia,SVN,77,35.692693165927615
mru,2022,2022-12-26,Finland,FIN,78,35.56023983856004
mru,2022,2022-12-26,Thailand,THA,79,35.48529404312245
mru,2022,2022-12-26,Serbia,SRB,80,35.20251405727776
mru,2022,2022-12-26,St Vincent and the Grenadines,VCT,81,34.91461494604602
mru,2022,2022-12-26,China,CHN,82,34.91418975961267
mru,2022,2022-12-26,Barbados,BRB,83,34.724777640377326
mru,2022,2022-12-26,Papua New Guinea,PNG,84,33.68373495485308
mru,2022,2022-12-26,India,IND,85,33.397966597211294
mru,2022,2022-12-26,Ghana,GHA,86,33.268169788413765
mru,2022,2022-12-26,Austria,AUT,87,33.03452066325166
mru,2022,2022-12-26,Andorra,AND,88,32.847651425421724
mru,2022,2022-12-26,Bosnia & Herzegovina,BIH,89,31.933296214320627
mru,2022,2022-12-26,Uzbekistan,UZB,90,31.2828007869781
mru,2022,2022-12-26,Burkina Faso,BFA,91,31.05
mru,2022,2022-12-26,Pakistan,PAK,92,30.782008666187515
mru,2022,2022-12-26,Mauritius,MUS,93,30.5580989461403
mru,2022,2022-12-26,Iran,IRN,94,30.0
mru,2022,2022-12-26,Laos,LAO,94,30.0
mru,2022,2022-12-26,Rwanda,RWA,96,29.783758194069794
mru,2022,2022-12-26,Costa Rica,CRI,97,29.355816477561113
mru,2022,2022-12-26,Niue Island,NIU,98,28.62618599821591
mru,2022,2022-12-26,Bahamas,BHS,99,27.75692421788799
mru,2022,2022-12-26,Norway,NOR,100,26.52428938951217
mru,2022,2022-12-26,Burundi,BDI,101,26.15648565369965
mru,2022,2022-12-26,Eswatini,SWZ,102,26.041034781746408
mru,2022,2022-12-26,Solomon Islands,SLB,103,23.972960374916912
mru,2022,2022-12-26,Cameroon,CMR,104,23.1200853709647
mru,2022,2022-12-26,Indonesia,IDN,105,21.94819879866199
mru,2022,2022-12-26,Monaco,MCO,106,17.171558073802643
mru,2022,2022-12-26,Greece,GRC,107,16.5464517270594
mru,2022,2022-12-26,Vanuatu,VUT,108,15.289167657403121
mru,2022,2022-12-26,American Samoa,ASM,109,13.532106726695798
mru,2023,2023-12-25,South Africa,ZAF,1,94.54079384845836
mru,2023,2023-12-25,Ireland,IRL,2,90.57071554542748
mru,2023,2023-12-25,New Zealand,NZL,3,89.80407167219418
mru,2023,2023-12-25,France,FRA,4,87.81117023957685
mru,2023,2023-12-25,England,ENG,5,85.45761900222307
mru,2023,2023-12-25,Scotland,SCO,6,83.42593285818039
mru,2023,2023-12-25,Argentina,ARG,7,80.6813542010344
mru,2023,2023-12-25,Wales,WAL,8,80.64169686544395
mru,2023,2023-12-25,Australia,AUS,9,77.47503631683716
mru,2023,2023-12-25,Fiji,FJI,10,76.37933814589064
mru,2023,2023-12-25,Italy,ITA,11,75.93068631037083
mru,2023,2023-12-25,Japan,JPN,12,74.26926623424008
mru,2023,2023-12-25,Portugal,PRT,13,72.77594531044969
mru,2023,2023-12-25,Georgia,GEO,14,72.67693804775645
mru,2023,2023-12-25,Samoa,WSM,15,72.22805358836959
mru,2023,2023-12-25,Tonga,TON,16,71.57116120800283
mru,2023,2023-12-25,USA,USA,17,67.94113845801807
mru,2023,2023-12-25,Uruguay,URY,18,67.38629847649784
mru,2023,2023-12-25,Romania,ROU,19,63.277837156552955
mru,2023,2023-12-25,Spain,ESP,20,62.86270288678199
mru,2023,2023-12-25,Canada,CAN,21,60.9038040657715
mru,2023,2023-12-25,Namibia,NAM,22,60.557354646582155
mru,2023,2023-12-25,Chile,CHL,23,60.48996532847948
mru,2023,2023-12-25,Hong Kong China,HKG,24,59.79800825204525
mru,2023,2023-12-25,Russia,RUS,25,58.06119262441148
mru,2023,2023-12-25,Switzerland,CHE,26,56.2912064751571
mru,2023,2023-12-25,Netherlands,NLD,27,55.83548521416078
mru,2023,2023-12-25,Brazil,BRA,28,55.374386366847354
mru,2023,2023-12-25,Belgium,BEL,29,54.58191022624913
mru,2023,2023-12-25,Korea,KOR,30,53.45530939403538
mru,2023,2023-12-25,Zimbabwe,ZWE,31,52.43299312866253
mru,2023,2023-12-25,Germany,DEU,32,52.319912929187666
mru,2023,2023-12-25,Poland,POL,33,51.54340218593461
mru,2023,2023-12-25,Kenya,KEN,34,51.11552159106227
mru,2023,2023-12-25,Czechia,CZE,35,50.92227514328728
mru,2023,2023-12-25,Sweden,SWE,36,50.45677083991962
mru,2023,2023-12-25,Uganda,UGA,37,50.38005471798778
mru,2023,2023-12-25,Paraguay,PRY,38,48.496587750244416
mru,2023,2023-12-25,Philippines,PHL,39,47.79565441444189
mru,2023,2023-12-25,Croatia,HRV,40,47.49899575247672
mru,2023,2023-12-25,Colombia,COL,41,47.20532403757122
mru,2023,2023-12-25,Lithuania,LTU,42,47.0230862648856
mru,2023,2023-12-25,Madagascar,MDG,43,46.892618219598845
mru,2023,2023-12-25,Malta,MLT,44,46.751056254089576
mru,2023,2023-12-25,Sri Lanka,LKA,45,46.725970816327404
mru,2023,2023-12-25,Morocco,MAR,46,46.33345200516988
mru,2023,2023-12-25,Cote D'Ivoire,CIV,47,46.23820366795943
mru,2023,2023-12-25,Tunisia,TUN,48,46.09730376168768
mru,2023,2023-12-25,Mexico,MEX,49,45.821314380372456
mru,2023,2023-12-25,Trinidad & Tobago,TTO,50,45.50985632221536
mru,2023,2023-12-25,Malaysia,MYS,51,45.142930806643164
mru,2023,2023-12-25,Cook Islands,COK,52,45.106883747652994
mru,2023,2023-12-25,Ukraine,UKR,53,44.82238234970582
mru,2023,2023-12-25,Cayman Islands,CYM,54,44.368988406422446
mru,2023,2023-12-25,Singapore,SGP,55,44.04501371881927
mru,2023,2023-12-25,Senegal,SEN,56,43.216011818557014
mru,2023,2023-12-25,Moldova,MDA,57,43.13302143033079
mru,2023,2023-12-25,Guyana,GUY,58,42.86223208850565
mru,2023,2023-12-25,Latvia,LVA,59,42.736118474620184
mru,2023,2023-12-25,Bulgaria,BGR,60,42.40599434766207
mru,2023,2023-12-25,United Arab Emirates,ARE,61,41.882469507367155
mru,2023,2023-12-25,Luxembourg,LUX,62,41.43914130970632
mru,2023,2023-12-25,Israel,ISR,63,41.23599329395556
mru,2023,2023-12-25,Kazakhstan,KAZ,64,41.1590368649243
mru,2023,2023-12-25,Chinese Taipei,TPE,65,39.229748477122634
mru,2023,2023-12-25,Jamaica,JAM,66,39.00289216517771
mru,2023,2023-12-25,Bermuda,BMU,67,38.91146457164229
mru,2023,2023-12-25,Zambia,ZMB,68,38.8267057170795
mru,2023,2023-12-25,Nigeria,NGA,69,38.371356953172324
mru,2023,2023-12-25,Hungary,HUN,70,37.46311703938482
mru,2023,2023-12-25,Slovenia,SVN,71,37.10209513216913
mru,2023,2023-12-25,Serbia,SRB,72,36.56875903662771
mru,2023,2023-12-25,Guam,GUM,73,36.37834645978975
mru,2023,2023-12-25,Peru,PER,74,36.34962670617964
mru,2023,2023-12-25,Algeria,DZA,75,36.252018865379306
mru,2023,2023-12-25,Botswana,BWA,76,36.21395294232694
mru,2023,2023-12-25,Denmark,DNK,77,36.09579986040047
mru,2023,2023-12-25,Finland,FIN,78,35.975047506875335
mru,2023,2023-12-25,Venezuela,VEN,79,35.872916157258715
mru,2023,2023-12-25,Thailand,THA,80,35.48529404312245
mru,2023,2023-12-25,St Vincent and the Grenadines,VCT,81,34.91461494604602
mru,2023,2023-12-25,China,CHN,82,34.91418975961267
mru,2023,2023-12-25,Barbados,BRB,83,34.724777640377326
mru,2023,2023-12-25,Papua New Guinea,PNG,84,33.68373495485308
mru,2023,2023-12-25,Ghana,GHA,85,33.268169788413765
mru,2023,2023-12-25,India,IND,86,33.149196626957185
mru,2023,2023-12-25,Austria,AUT,87,31.816679202372757
mru,2023,2023-12-25,Andorra,AND,88,31.676610534963615
mru,2023,2023-12-25,Uzbekistan,UZB,89,31.2828007869781
mru,2023,2023-12-25,Burkina Faso,BFA,90,31.05
mru,2023,2023-12-25,Mauritius,MUS,91,30.5580989461403
mru,2023,2023-12-25,Pakistan,PAK,92,30.131830833302693
mru,2023,2023-12-25,Bosnia & Herzegovina,BIH,93,30.113248656505995
mru,2023,2023-12-25,Iran,IRN,94,30.0
mru,2023,2023-12-25,Laos,LAO,94,30.0
mru,2023,2023-12-25,Nepal,NPL,94,30.0
mru,2023,2023-12-25,Qatar,QAT,94,30.0
mru,2023,2023-12-25,Turkey,TUR,94,30.0
mru,2023,2023-12-25,Rwanda,RWA,99,29.783758194069794
mru,2023,2023-12-25,Costa Rica,CRI,100,29.355816477561113
mru,2023,2023-12-25,Niue Island,NIU,101,28.62618599821591
mru,2023,2023-12-25,Bahamas,BHS,102,27.75692421788799
mru,2023,2023-12-25,Burundi,BDI,103,26.15648565369965
mru,2023,2023-12-25,Eswatini,SWZ,104,26.041034781746408
mru,2023,2023-12-25,Norway,NOR,105,25.95205925585125
mru,2023,2023-12-25,Solomon Islands,SLB,106,23.972960374916912
mru,2023,2023-12-25,Cameroon,CMR,107,23.1200853709647
mru,2023,2023-12-25,Indonesia,IDN,108,21.94819879866199
mru,2023,2023-12-25,Monaco,MCO,109,17.171558073802643
mru,2023,2023-12-25,Greece,GRC,110,16.5464517270594
mru,2023,2023-12-25,Vanuatu,VUT,111,15.289167657403121
mru,2023,2023-12-25,American Samoa,ASM,112,13.532106726695798
mru,2024,2024-12-30,South Africa,ZAF,1,92.77735168266909
mru,2024,2024-12-30,Ireland,IRL,2,90.77937580475005
mru,2024,2024-12-30,New Zealand,NZL,3,90.36291901487141
mru,2024,2024-12-30,France,FRA,4,88.512701166648
mru,2024,2024-12-30,Argentina,ARG,5,84.96550454696622
mru,2024,2024-12-30,Scotland,SCO,6,83.34401327622288
mru,2024,2024-12-30,England,ENG,7,82.30584328966756
mru,2024,2024-12-30,Australia,AUS,8,81.52401718534034
mru,2024,2024-12-30,Fiji,FJI,9,80.06968699911889
mru,2024,2024-12-30,Italy,ITA,10,78.64273318866208
mru,2024,2024-12-30,Wales,WAL,11,74.00604074918199
mru,2024,2024-12-30,Georgia,GEO,12,73.8545518054088
mru,2024,2024-12-30,Japan,JPN,13,72.95199388646635
mru,2024,2024-12-30,Samoa,WSM,14,72.68057333798009
mru,2024,2024-12-30,USA,USA,15,70.0201264195869
mru,2024,2024-12-30,Portugal,PRT,16,68.8180856132294
mru,2024,2024-12-30,Uruguay,URY,17,67.05635815076262
mru,2024,2024-12-30,Spain,ESP,18,65.97870386019397
mru,2024,2024-12-30,Tonga,TON,19,65.4640056004623
mru,2024,2024-12-30,Romania,ROU,20,63.009231347026066
mru,2024,2024-12-30,Chile,CHL,21,61.71589068630286
mru,2024,2024-12-30,Hong Kong China,HKG,22,59.4895203135891
mru,2024,2024-12-30,Canada,CAN,23,59.17559828087543
mru,2024,2024-12-30,Netherlands,NLD,24,58.56206717336857
mru,2024,2024-12-30,Russia,RUS,25,58.06119262441148
mru,2024,2024-12-30,Namibia,NAM,26,57.869586932301786
mru,2024,2024-12-30,Zimbabwe,ZWE,27,57.1550801656081
mru,2024,2024-12-30,Brazil,BRA,28,56.52949089912246
mru,2024,2024-12-30,Belgium,BEL,29,56.50939051140379
mru,2024,2024-12-30,Switzerland,CHE,30,56.03707684644024
mru,2024,2024-12-30,Sweden,SWE,31,54.0966283054629
mru,2024,2024-12-30,Germany,DEU,32,52.95030837641875
mru,2024,2024-12-30,Poland,POL,33,51.62039733803657
mru,2024,2024-12-30,Kenya,KEN,34,51.548466216306664
mru,2024,2024-12-30,Korea,KOR,35,50.77103148983962
mru,2024,2024-12-30,Czechia,CZE,36,49.698445014936816
mru,2024,2024-12-30,Paraguay,PRY,37,48.35217342397823
mru,2024,2024-12-30,Philippines,PHL,38,47.79565441444189
mru,2024,2024-12-30,Mexico,MEX,39,47.71070437955571
mru,2024,2024-12-30,Morocco,MAR,40,47.46732693733423
mru,2024,2024-12-30,Sri Lanka,LKA,41,47.39093072361694
mru,2024,2024-12-30,Croatia,HRV,42,47.119249496002375
mru,2024,2024-12-30,Uganda,UGA,43,46.86574662727367
mru,2024,2024-12-30,Malta,MLT,44,46.751056254089576
mru,2024,2024-12-30,Colombia,COL,45,46.1724151057607
mru,2024,2024-12-30,Tunisia,TUN,46,46.12333601606647
mru,2024,2024-12-30,Trinidad & Tobago,TTO,47,45.967378990799226
mru,2024,2024-12-30,Madagascar,MDG,48,45.7587432874345
mru,2024,2024-12-30,Cook Islands,COK,49,45.106883747652994
mru,2024,2024-12-30,United Arab Emirates,ARE,50,44.17683060637293
mru,2024,2024-12-30,Lithuania,LTU,51,44.16613456448834
mru,2024,2024-12-30,Malaysia,MYS,52,43.88245421005179
mru,2024,2024-12-30,Ukraine,UKR,53,43.61566722371011
mru,2024,2024-12-30,Cayman Islands,CYM,54,43.61096983202217
mru,2024,2024-12-30,Luxembourg,LUX,55,43.2943444958057
mru,2024,2024-12-30,Senegal,SEN,56,43.1664583403687
mru,2024,2024-12-30,Moldova,MDA,57,43.10877010081548
mru,2024,2024-12-30,Latvia,LVA,58,42.77208661319821
mru,2024,2024-12-30,Algeria,DZA,59,42.69188598678643
mru,2024,2024-12-30,Guyana,GUY,60,42.40470941992179
mru,2024,2024-12-30,Singapore,SGP,61,42.12604265030961
mru,2024,2024-12-30,Cote D'Ivoire,CIV,62,41.68937529810147
mru,2024,2024-12-30,Israel,ISR,63,41.23599329395556
mru,2024,2024-12-30,Kazakhstan,KAZ,64,40.49407695763477
mru,2024,2024-12-30,Chinese Taipei,TPE,65,39.77427410223228
mru,2024,2024-12-30,Jamaica,JAM,66,39.75705905652719
mru,2024,2024-12-30,Zambia,ZMB,67,39.24481986983414
mru,2024,2024-12-30,Bulgaria,BGR,68,38.98882253410244
mru,2024,2024-12-30,Austria,AUT,69,37.51324747248942
mru,2024,2024-12-30,Bermuda,BMU,70,37.20237304869116
mru,2024,2024-12-30,Denmark,DNK,71,37.139542214499336
mru,2024,2024-12-30,Barbados,BRB,72,36.88276525079348
mru,2024,2024-12-30,Thailand,THA,73,36.85973948652247
mru,2024,2024-12-30,Nigeria,NGA,74,36.816623595983124
mru,2024,2024-12-30,Venezuela,VEN,75,36.780649109864626
mru,2024,2024-12-30,Guam,GUM,76,36.37834645978975
mru,2024,2024-12-30,Botswana,BWA,77,36.21395294232694
mru,2024,2024-12-30,Finland,FIN,78,35.17819118032486
mru,2024,2024-12-30,Hungary,HUN,79,35.14598275696711
mru,2024,2024-12-30,Peru,PER,80,35.049415446168545
mru,2024,2024-12-30,China,CHN,81,34.91418975961267
mru,2024,2024-12-30,Slovenia,SVN,82,34.478455555417675
mru,2024,2024-12-30,Turkey,TUR,83,34.43310177962271
mru,2024,2024-12-30,Ghana,GHA,84,34.378756738469534
mru,2024,2024-12-30,St Vincent and the Grenadines,VCT,85,33.83613935019572
mru,2024,2024-12-30,Serbia,SRB,86,33.8172161272915
mru,2024,2024-12-30,Papua New Guinea,PNG,87,33.68373495485308
mru,2024,2024-12-30,Andorra,AND,88,32.767927843096764
mru,2024,2024-12-30,India,IND,89,31.834276964261466
mru,2024,2024-12-30,Qatar,QAT,90,31.31491966269572
mru,2024,2024-12-30,Uzbekistan,UZB,91,31.2828007869781
mru,2024,2024-12-30,Burkina Faso,BFA,92,31.05
mru,2024,2024-12-30,Mauritius,MUS,93,30.5580989461403
mru,2024,2024-12-30,Pakistan,PAK,94,30.131830833302693
mru,2024,2024-12-30,Iran,IRN,95,30.0
mru,2024,2024-12-30,Laos,LAO,95,30.0
mru,2024,2024-12-30,Nepal,NPL,95,30.0
mru,2024,2024-12-30,Rwanda,RWA,98,29.783758194069794
mru,2024,2024-12-30,Costa Rica,CRI,99,29.748294784966305
mru,2024,2024-12-30,St Lucia,LCA,100,28.920487985434143
mru,2024,2024-12-30,Niue Island,NIU,101,28.62618599821591
mru,2024,2024-12-30,Bosnia & Herzegovina,BIH,102,28.455056672590654
mru,2024,2024-12-30,Bahamas,BHS,103,27.58047742470667
mru,2024,2024-12-30,Burundi,BDI,104,26.15648565369965
mru,2024,2024-12-30,Eswatini,SWZ,105,26.041034781746408
mru,2024,2024-12-30,Norway,NOR,106,24.57788778159169
mru,2024,2024-12-30,Solomon Islands,SLB,107,23.972960374916912
mru,2024,2024-12-30,Cameroon,CMR,108,23.1200853709647
mru,2024,2024-12-30,Indonesia,IDN,109,21.94819879866199
mru,2024,2024-12-30,Monaco,MCO,110,17.171558073802643
mru,2024,2024-12-30,Greece,GRC,111,16.5464517270594
mru,2024,2024-12-30,Vanuatu,VUT,112,15.289167657403121
mru,2024,2024-12-30,American Samoa,ASM,113,13.532106726695798
mru,2025,2025-12-29,South Africa,ZAF,1,93.94110080257116
mru,2025,2025-12-29,New Zealand,NZL,2,90.3251602439559
mru,2025,2025-12-29,England,ENG,3,89.40925368207189
mru,2025,2025-12-29,Ireland,IRL,4,87.96792936230135
mru,2025,2025-12-29,France,FRA,5,87.23511637973905
mru,2025,2025-12-29,Argentina,ARG,6,84.9744656872118
mru,2025,2025-12-29,Australia,AUS,7,81.52744958045409
mru,2025,2025-12-29,Fiji,FJI,8,81.13528811390982
mru,2025,2025-12-29,Scotland,SCO,9,80.22148014738157
mru,2025,2025-12-29,Italy,ITA,10,78.98464454738225
mru,2025,2025-12-29,Wales,WAL,11,74.23480100982037
mru,2025,2025-12-29,Japan,JPN,12,74.08899535090599
mru,2025,2025-12-29,Georgia,GEO,13,73.18054437749366
mru,2025,2025-12-29,Uruguay,URY,14,69.18543777104028
mru,2025,2025-12-29,Spain,ESP,15,69.00730437955923
mru,2025,2025-12-29,USA,USA,16,68.25880260464882
mru,2025,2025-12-29,Chile,CHL,17,66.71840290282871
mru,2025,2025-12-29,Tonga,TON,18,66.66365463738057
mru,2025,2025-12-29,Samoa,WSM,19,66.42643847773405
mru,2025,2025-12-29,Portugal,PRT,20,64.98351174500276
mru,2025,2025-12-29,Belgium,BEL,21,62.32069555100964
mru,2025,2025-12-29,Romania,ROU,22,61.49520605970482
mru,2025,2025-12-29,Hong Kong China,HKG,23,59.61389255131394
mru,2025,2025-12-29,Zimbabwe,ZWE,24,58.80344960361036
mru,2025,2025-12-29,Canada,CAN,25,58.7541292168981
mru,2025,2025-12-29,Netherlands,NLD,26,57.01412344316843
mru,2025,2025-12-29,Namibia,NAM,27,56.95622323902014
mru,2025,2025-12-29,Switzerland,CHE,28,55.25840440013183
mru,2025,2025-12-29,Czechia,CZE,29,54.78328514781327
mru,2025,2025-12-29,Poland,POL,30,52.964478421518216
mru,2025,2025-12-29,Paraguay,PRY,31,52.15194540907321
mru,2025,2025-12-29,Russia,RUS,32,52.06119262441148
mru,2025,2025-12-29,Sweden,SWE,33,51.87537775157784
mru,2025,2025-12-29,Brazil,BRA,34,51.49706521014096
mru,2025,2025-12-29,Germany,DEU,35,50.37352681376398
mru,2025,2025-12-29,Kenya,KEN,36,50.08791644542441
mru,2025,2025-12-29,Korea,KOR,37,49.29101317272516
mru,2025,2025-12-29,Mexico,MEX,38,47.56652652469408
mru,2025,2025-12-29,Morocco,MAR,39,47.537319971755046
mru,2025,2025-12-29,United Arab Emirates,ARE,40,47.44613636493621
mru,2025,2025-12-29,Colombia,COL,41,47.10509415230885
mru,2025,2025-12-29,Algeria,DZA,42,45.8244435014771
mru,2025,2025-12-29,Madagascar,MDG,43,45.7587432874345
mru,2025,2025-12-29,Senegal,SEN,44,45.719659885327474
mru,2025,2025-12-29,Tunisia,TUN,45,45.55773510819324
mru,2025,2025-12-29,Sri Lanka,LKA,46,45.527949884454415
mru,2025,2025-12-29,Cayman Islands,CYM,47,45.380030770207114
mru,2025,2025-12-29,Croatia,HRV,48,45.34446932532451
mru,2025,2025-12-29,Trinidad & Tobago,TTO,49,45.1788777991127
mru,2025,2025-12-29,Uganda,UGA,50,45.12219420744046
mru,2025,2025-12-29,Malta,MLT,51,44.751056254089576
mru,2025,2025-12-29,Ukraine,UKR,52,44.45954021040981
mru,2025,2025-12-29,Philippines,PHL,53,44.11110969456276
mru,2025,2025-12-29,Malaysia,MYS,54,43.35872568708656
mru,2025,2025-12-29,Luxembourg,LUX,55,42.30468717518669
mru,2025,2025-12-29,Lithuania,LTU,56,41.779377222876946
mru,2025,2025-12-29,Denmark,DNK,57,40.9354176282707
mru,2025,2025-12-29,Kazakhstan,KAZ,58,40.49407695763477
mru,2025,2025-12-29,Moldova,MDA,59,40.40767854067793
mru,2025,2025-12-29,Israel,ISR,60,40.251741512800976
mru,2025,2025-12-29,Jamaica,JAM,61,39.880571811754116
mru,2025,2025-12-29,Singapore,SGP,62,39.63711803750263
mru,2025,2025-12-29,Latvia,LVA,63,39.6293167945877
mru,2025,2025-12-29,Zambia,ZMB,64,39.24481986983414
mru,2025,2025-12-29,Chinese Taipei,TPE,65,39.12218701808811
mru,2025,2025-12-29,Cook Islands,COK,66,39.106883747652994
mru,2025,2025-12-29,Cote D'Ivoire,CIV,67,39.06230545669446
mru,2025,2025-12-29,Serbia,SRB,68,39.03387977815994
mru,2025,2025-12-29,Guyana,GUY,69,39.02271599709534
mru,2025,2025-12-29,Bulgaria,BGR,70,38.495810416592164
mru,2025,2025-12-29,Barbados,BRB,71,38.49569773543499
mru,2025,2025-12-29,Austria,AUT,72,38.12267770168626
mru,2025,2025-12-29,Thailand,THA,73,37.68529590335274
mru,2025,2025-12-29,Bermuda,BMU,74,37.20237304869116
mru,2025,2025-12-29,Finland,FIN,75,37.05770655906548
mru,2025,2025-12-29,Nigeria,NGA,76,36.816623595983124
mru,2025,2025-12-29,Venezuela,VEN,77,36.780649109864626
mru,2025,2025-12-29,Botswana,BWA,78,36.21395294232694
mru,2025,2025-12-29,Andorra,AND,79,35.75217962425135
mru,2025,2025-12-29,Peru,PER,80,35.049415446168545
mru,2025,2025-12-29,St Vincent and the Grenadines,VCT,81,35.04879164548149
mru,2025,2025-12-29,Slovenia,SVN,82,34.567850631274794
mru,2025,2025-12-29,Ghana,GHA,83,34.378756738469534
mru,2025,2025-12-29,Hungary,HUN,84,32.37717217796803
mru,2025,2025-12-29,Turkey,TUR,85,32.14521740189857
mru,2025,2025-12-29,India,IND,86,31.834276964261466
mru,2025,2025-12-29,Qatar,QAT,87,31.31491966269572
mru,2025,2025-12-29,Burkina Faso,BFA,88,31.05
mru,2025,2025-12-29,Lesotho,LSO,89,30.456155217261962
mru,2025,2025-12-29,Guam,GUM,90,30.378346459789753
mru,2025,2025-12-29,Pakistan,PAK,91,30.131830833302693
mru,2025,2025-12-29,Iran,IRN,92,30.0
mru,2025,2025-12-29,Costa Rica,CRI,93,29.748294784966305
mru,2025,2025-12-29,China,CHN,94,28.914189759612665
mru,2025,2025-12-29,Bosnia & Herzegovina,BIH,95,28.357396560873354
mru,2025,2025-12-29,St Lucia,LCA,96,27.70783569014838
mru,2025,2025-12-29,Papua New Guinea,PNG,97,27.68373495485308
mru,2025,2025-12-29,Bahamas,BHS,98,27.45696466947975
mru,2025,2025-12-29,Eswatini,SWZ,99,25.584879564484446
mru,2025,2025-12-29,Uzbekistan,UZB,100,25.2828007869781
mru,2025,2025-12-29,Norway,NOR,101,24.57788778159169
mru,2025,2025-12-29,Mauritius,MUS,102,24.5580989461403
mru,2025,2025-12-29,Laos,LAO,103,24.0
mru,2025,2025-12-29,Nepal,NPL,103,24.0
mru,2025,2025-12-29,Rwanda,RWA,105,23.783758194069794
mru,2025,2025-12-29,Cameroon,CMR,106,23.1200853709647
mru,2025,2025-12-29,Niue Island,NIU,107,22.62618599821591
mru,2025,2025-12-29,Burundi,BDI,108,20.15648565369965
mru,2025,2025-12-29,Solomon Islands,SLB,109,17.972960374916912
mru,2025,2025-12-29,Indonesia,IDN,110,15.948198798661993
mru,2025,2025-12-29,Monaco,MCO,111,11.171558073802641
mru,2025,2025-12-29,Greece,GRC,112,10.546451727059399
mru,2025,2025-12-29,Vanuatu,VUT,113,9.289167657403121
mru,2025,2025-12-29,American Samoa,ASM,114,7.532106726695797
mru,2026,2026-02-16,South Africa,ZAF,1,93.94110080257116
mru,2026,2026-02-16,New Zealand,NZL,2,90.3251602439559
mru,2026,2026-02-16,France,FRA,3,88.39503832712339
mru,2026,2026-02-16,England,ENG,4,87.70810797260286
mru,2026,2026-02-16,Ireland,IRL,5,86.80803948416352
mru,2026,2026-02-16,Argentina,ARG,6,84.9744656872118
mru,2026,2026-02-16,Australia,AUS,7,81.52744958045409
mru,2026,2026-02-16,Fiji,FJI,8,81.13528811390982
mru,2026,2026-02-16,Scotland,SCO,9,81.09894229685067
mru,2026,2026-02-16,Italy,ITA,10,79.80829603813565
mru,2026,2026-02-16,Wales,WAL,11,74.23480100982037
mru,2026,2026-02-16,Japan,JPN,12,74.08899535090599
mru,2026,2026-02-16,Georgia,GEO,13,73.18054437749366
mru,2026,2026-02-16,Uruguay,URY,14,69.18543777104028
mru,2026,2026-02-16,Spain,ESP,15,69.15832723910061
mru,2026,2026-02-16,USA,USA,16,68.25880260464882
mru,2026,2026-02-16,Chile,CHL,17,66.71840290282871
mru,2026,2026-02-16,Tonga,TON,18,66.66365463738057
mru,2026,2026-02-16,Portugal,PRT,19,66.53408931590378
mru,2026,2026-02-16,Samoa,WSM,20,66.42643847773405
mru,2026,2026-02-16,Romania,ROU,21,60.89610011186042
mru,2026,2026-02-16,Hong Kong China,HKG,22,59.61389255131394
mru,2026,2026-02-16,Belgium,BEL,23,59.55705600335892
mru,2026,2026-02-16,Zimbabwe,ZWE,24,58.80344960361036
mru,2026,2026-02-16,Canada,CAN,25,58.7541292168981
mru,2026,2026-02-16,Namibia,NAM,26,56.95622323902014
mru,2026,2026-02-16,Netherlands,NLD,27,56.86310058362705
mru,2026,2026-02-16,Switzerland,CHE,28,55.25840440013183
mru,2026,2026-02-16,Czechia,CZE,29,54.78328514781327
mru,2026,2026-02-16,Poland,POL,30,52.964478421518216
mru,2026,2026-02-16,Germany,DEU,31,52.185694738358066
mru,2026,2026-02-16,Paraguay,PRY,32,52.15194540907321
mru,2026,2026-02-16,Russia,RUS,33,52.06119262441148
mru,2026,2026-02-16,Sweden,SWE,34,51.87537775157784
mru,2026,2026-02-16,Brazil,BRA,35,51.49706521014096
mru,2026,2026-02-16,Kenya,KEN,36,50.08791644542441
mru,2026,2026-02-16,Korea,KOR,37,49.29101317272516
mru,2026,2026-02-16,Mexico,MEX,38,47.56652652469408
mru,2026,2026-02-16,Morocco,MAR,39,47.537319971755046
mru,2026,2026-02-16,United Arab Emirates,ARE,40,47.44613636493621
mru,2026,2026-02-16,Colombia,COL,41,47.10509415230885
mru,2026,2026-02-16,Algeria,DZA,42,45.8244435014771
mru,2026,2026-02-16,Madagascar,MDG,43,45.7587432874345
mru,2026,2026-02-16,Senegal,SEN,44,45.719659885327474
mru,2026,2026-02-16,Tunisia,TUN,45,45.55773510819324
mru,2026,2026-02-16,Sri Lanka,LKA,46,45.527949884454415
mru,2026,2026-02-16,Cayman Islands,CYM,47,45.380030770207114
mru,2026,2026-02-16,Croatia,HRV,48,45.34446932532451
mru,2026,2026-02-16,Trinidad & Tobago,TTO,49,45.1788777991127
mru,2026,2026-02-16,Uganda,UGA,50,45.12219420744046
mru,2026,2026-02-16,Malta,MLT,51,44.751056254089576
mru,2026,2026-02-16,Ukraine,UKR,52,44.45954021040981
mru,2026,2026-02-16,Philippines,PHL,53,44.11110969456276
mru,2026,2026-02-16,Malaysia,MYS,54,43.35872568708656
mru,2026,2026-02-16,Luxembourg,LUX,55,42.30468717518669
mru,2026,2026-02-16,Lithuania,LTU,56,41.779377222876946
mru,2026,2026-02-16,Denmark,DNK,57,40.9354176282707
mru,2026,2026-02-16,Kazakhstan,KAZ,58,40.49407695763477
mru,2026,2026-02-16,Moldova,MDA,59,40.40767854067793
mru,2026,2026-02-16,Israel,ISR,60,40.251741512800976
mru,2026,2026-02-16,Jamaica,JAM,61,39.880571811754116
mru,2026,2026-02-16,Singapore,SGP,62,39.63711803750263
mru,2026,2026-02-16,Latvia,LVA,63,39.6293167945877
mru,2026,2026-02-16,Zambia,ZMB,64,39.24481986983414
mru,2026,2026-02-16,Chinese Taipei,TPE,65,39.12218701808811
mru,2026,2026-02-16,Cook Islands,COK,66,39.106883747652994
mru,2026,2026-02-16,Cote D'Ivoire,CIV,67,39.06230545669446
mru,2026,2026-02-16,Serbia,SRB,68,39.03387977815994
mru,2026,2026-02-16,Guyana,GUY,69,39.02271599709534
mru,2026,2026-02-16,Bulgaria,BGR,70,38.495810416592164
mru,2026,2026-02-16,Barbados,BRB,71,38.49569773543499
mru,2026,2026-02-16,Austria,AUT,72,38.12267770168626
mru,2026,2026-02-16,Thailand,THA,73,37.68529590335274
mru,2026,2026-02-16,Bermuda,BMU,74,37.20237304869116
mru,2026,2026-02-16,Finland,FIN,75,37.05770655906548
mru,2026,2026-02-16,Nigeria,NGA,76,36.816623595983124
mru,2026,2026-02-16,Venezuela,VEN,77,36.780649109864626
mru,2026,2026-02-16,Botswana,BWA,78,36.21395294232694
mru,2026,2026-02-16,Andorra,AND,79,35.75217962425135
mru,2026,2026-02-16,Peru,PER,80,35.049415446168545
mru,2026,2026-02-16,St Vincent and the Grenadines,VCT,81,35.04879164548149
mru,2026,2026-02-16,Slovenia,SVN,82,34.567850631274794
mru,2026,2026-02-16,Ghana,GHA,83,34.378756738469534
mru,2026,2026-02-16,Hungary,HUN,84,32.37717217796803
mru,2026,2026-02-16,Turkey,TUR,85,32.14521740189857
mru,2026,2026-02-16,India,IND,86,31.834276964261466
mru,2026,2026-02-16,Burkina Faso,BFA,87,31.05
mru,2026,2026-02-16,Lesotho,LSO,88,30.456155217261962
mru,2026,2026-02-16,Guam,GUM,89,30.378346459789753
mru,2026,2026-02-16,Iran,IRN,90,30.0
mru,2026,2026-02-16,Costa Rica,CRI,91,29.748294784966305
mru,2026,2026-02-16,China,CHN,92,28.914189759612665
mru,2026,2026-02-16,Bosnia & Herzegovina,BIH,93,28.357396560873354
mru,2026,2026-02-16,St Lucia,LCA,94,27.70783569014838
mru,2026,2026-02-16,Papua New Guinea,PNG,95,27.68373495485308
mru,2026,2026-02-16,Bahamas,BHS,96,27.45696466947975
mru,2026,2026-02-16,Eswatini,SWZ,97,25.584879564484446
mru,2026,2026-02-16,Qatar,QAT,98,25.31491966269572
mru,2026,2026-02-16,Uzbekistan,UZB,99,25.2828007869781
mru,2026,2026-02-16,Norway,NOR,100,24.57788778159169
mru,2026,2026-02-16,Mauritius,MUS,101,24.5580989461403
mru,2026,2026-02-16,Pakistan,PAK,102,24.131830833302693
mru,2026,2026-02-16,Laos,LAO,103,24.0
mru,2026,2026-02-16,Nepal,NPL,103,24.0
mru,2026,2026-02-16,Rwanda,RWA,105,23.783758194069794
mru,2026,2026-02-16,Cameroon,CMR,106,23.1200853709647
mru,2026,2026-02-16,Niue Island,NIU,107,22.62618599821591
mru,2026,2026-02-16,Burundi,BDI,108,20.15648565369965
mru,2026,2026-02-16,Solomon Islands,SLB,109,17.972960374916912
mru,2026,2026-02-16,Indonesia,IDN,110,15.948198798661993
mru,2026,2026-02-16,Monaco,MCO,111,11.171558073802641
mru,2026,2026-02-16,Greece,GRC,112,10.546451727059399
mru,2026,2026-02-16,Vanuatu,VUT,113,9.289167657403121
mru,2026,2026-02-16,American Samoa,ASM,114,7.532106726695797
wru,2016,2016-12-26,New Zealand,NZL,1,93.4327989922764
wru,2016,2016-12-26,England,ENG,2,88.08999282836301
wru,2016,2016-12-26,Canada,CAN,3,86.52383389425717
wru,2016,2016-12-26,France,FRA,4,84.05561019352237
wru,2016,2016-12-26,Ireland,IRL,5,80.73154957569051
wru,2016,2016-12-26,Australia,AUS,6,79.88420371708467
wru,2016,2016-12-26,Italy,ITA,7,77.71931235754083
wru,2016,2016-12-26,USA,USA,8,77.6501649729799
wru,2016,2016-12-26,Spain,ESP,9,76.80248570987465
wru,2016,2016-12-26,Wales,WAL,10,74.64222164864836
wru,2016,2016-12-26,Samoa,WSM,11,68.7224999238881
wru,2016,2016-12-26,South Africa,ZAF,12,68.5110836671501
wru,2016,2016-12-26,Scotland,SCO,13,65.4330908043714
wru,2016,2016-12-26,Netherlands,NLD,14,64.16595660172518
wru,2016,2016-12-26,Portugal,PRT,15,64.0
wru,2016,2016-12-26,Kazakhstan,KAZ,16,62.21749506225411
wru,2016,2016-12-26,Japan,JPN,17,61.32213470508314
wru,2016,2016-12-26,Sweden,SWE,18,59.73321576463212
wru,2016,2016-12-26,Russia,RUS,19,58.47040148455269
wru,2016,2016-12-26,Germany,DEU,20,58.151062750929256
wru,2016,2016-12-26,Belgium,BEL,21,53.94679695963085
wru,2016,2016-12-26,Trinidad & Tobago,TTO,22,52.44980886247916
wru,2016,2016-12-26,Hong Kong China,HKG,23,51.46507256949707
wru,2016,2016-12-26,China,CHN,24,46.70569780297733
wru,2016,2016-12-26,Denmark,DNK,25,46.68381025154208
wru,2016,2016-12-26,Jamaica,JAM,26,46.52221893043186
wru,2016,2016-12-26,Guyana,GUY,27,45.632796
wru,2016,2016-12-26,Romania,ROU,28,44.94748975
wru,2016,2016-12-26,Norway,NOR,29,44.858160980656436
wru,2016,2016-12-26,Fiji,FJI,30,44.4075
wru,2016,2016-12-26,Kenya,KEN,31,44.35344429454728
wru,2016,2016-12-26,Bosnia & Herzegovina,BIH,32,44.0
wru,2016,2016-12-26,Thailand,THA,33,42.346317080067365
wru,2016,2016-12-26,Singapore,SGP,34,41.67956290305924
wru,2016,2016-12-26,Uzbekistan,UZB,35,41.40049205796131
wru,2016,2016-12-26,Cayman Islands,CYM,36,40.95149779028812
wru,2016,2016-12-26,Switzerland,CHE,37,40.908316963125
wru,2016,2016-12-26,Tonga,TON,38,40.05
wru,2016,2016-12-26,Uganda,UGA,39,39.64655570545272
wru,2016,2016-12-26,Papua New Guinea,PNG,40,39.5425
wru,2016,2016-12-26,Luxembourg,LUX,41,38.8319875
wru,2016,2016-12-26,Finland,FIN,42,38.8221130875
wru,2016,2016-12-26,Brazil,BRA,43,38.0
wru,2016,2016-12-26,Serbia,SRB,44,37.788625
wru,2016,2016-12-26,Barbados,BRB,45,36.06201327181987
wru,2016,2016-12-26,St Vincent and the Grenadines,VCT,46,34.71264100221263
wru,2016,2016-12-26,Bahamas,BHS,47,33.66902414276836
wru,2016,2016-12-26,Philippines,PHL,48,30.0
wru,2016,2016-12-26,Czechia,CZE,49,28.701467699375
wru,2017,2017-12-25,New Zealand,NZL,1,95.66311345998388
wru,2017,2017-12-25,England,ENG,2,92.67630226531898
wru,2017,2017-12-25,France,FRA,3,87.25380351691851
wru,2017,2017-12-25,Canada,CAN,4,86.30858923106109
wru,2017,2017-12-25,USA,USA,5,79.41030467898443
wru,2017,2017-12-25,Australia,AUS,6,78.68281254381714
wru,2017,2017-12-25,Wales,WAL,7,75.65150399625469
wru,2017,2017-12-25,Italy,ITA,8,73.92339307165336
wru,2017,2017-12-25,Ireland,IRL,9,73.02694745750468
wru,2017,2017-12-25,Spain,ESP,10,72.12817148595822
wru,2017,2017-12-25,Samoa,WSM,11,68.7224999238881
wru,2017,2017-12-25,Scotland,SCO,12,68.59251232338005
wru,2017,2017-12-25,South Africa,ZAF,13,68.5110836671501
wru,2017,2017-12-25,Netherlands,NLD,14,64.16595660172518
wru,2017,2017-12-25,Portugal,PRT,15,64.0
wru,2017,2017-12-25,Japan,JPN,16,62.991386048519445
wru,2017,2017-12-25,Kazakhstan,KAZ,17,62.21749506225411
wru,2017,2017-12-25,Sweden,SWE,18,59.73321576463212
wru,2017,2017-12-25,Russia,RUS,19,58.47040148455269
wru,2017,2017-12-25,Germany,DEU,20,58.151062750929256
wru,2017,2017-12-25,Belgium,BEL,21,53.94679695963085
wru,2017,2017-12-25,Trinidad & Tobago,TTO,22,52.44980886247916
wru,2017,2017-12-25,Hong Kong China,HKG,23,51.44363188983498
wru,2017,2017-12-25,China,CHN,24,46.70569780297733
wru,2017,2017-12-25,Denmark,DNK,25,46.68381025154208
wru,2017,2017-12-25,Jamaica,JAM,26,46.52221893043186
wru,2017,2017-12-25,Guyana,GUY,27,45.632796
wru,2017,2017-12-25,Romania,ROU,28,44.94748975
wru,2017,2017-12-25,Norway,NOR,29,44.858160980656436
wru,2017,2017-12-25,Fiji,FJI,30,44.4075
wru,2017,2017-12-25,Kenya,KEN,31,44.35344429454728
wru,2017,2017-12-25,Bosnia & Herzegovina,BIH,32,44.0
wru,2017,2017-12-25,Thailand,THA,33,42.346317080067365
wru,2017,2017-12-25,Singapore,SGP,34,41.67956290305924
wru,2017,2017-12-25,Uzbekistan,UZB,35,41.40049205796131
wru,2017,2017-12-25,Cayman Islands,CYM,36,40.95149779028812
wru,2017,2017-12-25,Switzerland,CHE,37,40.908316963125
wru,2017,2017-12-25,Zimbabwe,ZWE,38,40.7
wru,2017,2017-12-25,Tonga,TON,39,40.05
wru,2017,2017-12-25,Namibia,NAM,40,40.0
wru,2017,2017-12-25,Uganda,UGA,41,39.64655570545272
wru,2017,2017-12-25,Papua New Guinea,PNG,42,39.5425
wru,2017,2017-12-25,Botswana,BWA,43,39.3
wru,2017,2017-12-25,Luxembourg,LUX,44,38.8319875
wru,2017,2017-12-25,Finland,FIN,45,38.8221130875
wru,2017,2017-12-25,Brazil,BRA,46,38.0
wru,2017,2017-12-25,Serbia,SRB,47,37.788625
wru,2017,2017-12-25,Barbados,BRB,48,36.06201327181987
wru,2017,2017-12-25,St Vincent and the Grenadines,VCT,49,34.71264100221263
wru,2017,2017-12-25,Bahamas,BHS,50,33.66902414276836
wru,2017,2017-12-25,Philippines,PHL,51,30.0
wru,2017,2017-12-25,Czechia,CZE,52,28.701467699375
wru,2018,2018-12-31,New Zealand,NZL,1,94.71304264770332
wru,2018,2018-12-31,England,ENG,2,91.62150607453715
wru,2018,2018-12-31,France,FRA,3,89.44612420403911
wru,2018,2018-12-31,Canada,CAN,4,86.12807853960592
wru,2018,2018-12-31,USA,USA,5,80.08796392771657
wru,2018,2018-12-31,Australia,AUS,6,78.68281254381714
wru,2018,2018-12-31,Italy,ITA,7,75.21177796973114
wru,2018,2018-12-31,Wales,WAL,8,73.16047917175351
wru,2018,2018-12-31,Spain,ESP,9,72.77183502858917
wru,2018,2018-12-31,Ireland,IRL,10,72.5092379175737
wru,2018,2018-12-31,Scotland,SCO,11,69.88866638204296
wru,2018,2018-12-31,South Africa,ZAF,12,67.97524996629335
wru,2018,2018-12-31,Samoa,WSM,13,65.7224999238881
wru,2018,2018-12-31,Netherlands,NLD,14,64.21484597999311
wru,2018,2018-12-31,Portugal,PRT,15,64.0
wru,2018,2018-12-31,Japan,JPN,16,62.991386048519445
wru,2018,2018-12-31,Kazakhstan,KAZ,17,62.21749506225411
wru,2018,2018-12-31,Sweden,SWE,18,59.73321576463212
wru,2018,2018-12-31,Germany,DEU,19,59.40785397418162
wru,2018,2018-12-31,Russia,RUS,20,58.47040148455269
wru,2018,2018-12-31,Trinidad & Tobago,TTO,21,52.44980886247916
wru,2018,2018-12-31,Belgium,BEL,22,52.27287968269264
wru,2018,2018-12-31,Hong Kong China,HKG,23,51.44363188983498
wru,2018,2018-12-31,Fiji,FJI,24,48.06466875
wru,2018,2018-12-31,China,CHN,25,46.70569780297733
wru,2018,2018-12-31,Denmark,DNK,26,46.68381025154208
wru,2018,2018-12-31,Jamaica,JAM,27,46.52221893043186
wru,2018,2018-12-31,Guyana,GUY,28,45.632796
wru,2018,2018-12-31,Romania,ROU,29,44.94748975
wru,2018,2018-12-31,Norway,NOR,30,44.858160980656436
wru,2018,2018-12-31,Kenya,KEN,31,44.35344429454728
wru,2018,2018-12-31,Bosnia & Herzegovina,BIH,32,44.0
wru,2018,2018-12-31,Singapore,SGP,33,42.477628467600354
wru,2018,2018-12-31,Thailand,THA,34,42.346317080067365
wru,2018,2018-12-31,Uzbekistan,UZB,35,41.40049205796131
wru,2018,2018-12-31,Tonga,TON,36,41.0978371875
wru,2018,2018-12-31,Cayman Islands,CYM,37,40.95149779028812
wru,2018,2018-12-31,Zimbabwe,ZWE,38,40.7
wru,2018,2018-12-31,Namibia,NAM,39,40.0
wru,2018,2018-12-31,Switzerland,CHE,40,39.9996965755625
wru,2018,2018-12-31,Uganda,UGA,41,39.64655570545272
wru,2018,2018-12-31,Botswana,BWA,42,39.3
wru,2018,2018-12-31,Luxembourg,LUX,43,38.8319875
wru,2018,2018-12-31,Brazil,BRA,44,38.0
wru,2018,2018-12-31,Papua New Guinea,PNG,45,37.8374940625
wru,2018,2018-12-31,Serbia,SRB,46,37.788625
wru,2018,2018-12-31,Finland,FIN,47,37.7307334750625
wru,2018,2018-12-31,India,IND,48,37.281740991913
wru,2018,2018-12-31,Barbados,BRB,49,36.06201327181987
wru,2018,2018-12-31,St Vincent and the Grenadines,VCT,50,34.71264100221263
wru,2018,2018-12-31,Bahamas,BHS,51,33.66902414276836
wru,2018,2018-12-31,Philippines,PHL,52,31.920193443545887
wru,2018,2018-12-31,Czechia,CZE,53,30.701467699375
wru,2019,2019-12-30,New Zealand,NZL,1,93.88384112364095
wru,2019,2019-12-30,England,ENG,2,93.0013596064467
wru,2019,2019-12-30,Canada,CAN,3,87.48707036229574
wru,2019,2019-12-30,France,FRA,4,86.47481521116407
wru,2019,2019-12-30,Australia,AUS,5,78.68281254381714
wru,2019,2019-12-30,USA,USA,6,78.18549957867815
wru,2019,2019-12-30,Italy,ITA,7,78.16692849328898
wru,2019,2019-12-30,Wales,WAL,8,75.9944857793536
wru,2019,2019-12-30,Spain,ESP,9,75.54310349093765
wru,2019,2019-12-30,Ireland,IRL,10,71.30346271377921
wru,2019,2019-12-30,Scotland,SCO,11,67.2698509459993
wru,2019,2019-12-30,Japan,JPN,12,65.80010437046165
wru,2019,2019-12-30,Portugal,PRT,13,64.0
wru,2019,2019-12-30,South Africa,ZAF,14,63.39482620205931
wru,2019,2019-12-30,Kazakhstan,KAZ,15,60.45289429629578
wru,2019,2019-12-30,Russia,RUS,16,59.83125161360275
wru,2019,2019-12-30,Samoa,WSM,17,59.722499923888094
wru,2019,2019-12-30,Netherlands,NLD,18,59.54379717912139
wru,2019,2019-12-30,Hong Kong China,HKG,19,57.88678741885973
wru,2019,2019-12-30,Sweden,SWE,20,57.73321576463212
wru,2019,2019-12-30,Germany,DEU,21,57.71805264600328
wru,2019,2019-12-30,Fiji,FJI,22,52.621513220975245
wru,2019,2019-12-30,Trinidad & Tobago,TTO,23,52.44980886247916
wru,2019,2019-12-30,Belgium,BEL,24,52.27287968269264
wru,2019,2019-12-30,China,CHN,25,49.33608816862912
wru,2019,2019-12-30,Kenya,KEN,26,46.71736246072787
wru,2019,2019-12-30,Denmark,DNK,27,46.68381025154208
wru,2019,2019-12-30,Jamaica,JAM,28,46.52221893043186
wru,2019,2019-12-30,Guyana,GUY,29,45.632796
wru,2019,2019-12-30,Romania,ROU,30,44.94748975
wru,2019,2019-12-30,Norway,NOR,31,44.858160980656436
wru,2019,2019-12-30,Bosnia & Herzegovina,BIH,32,44.0
wru,2019,2019-12-30,Thailand,THA,33,42.346317080067365
wru,2019,2019-12-30,Zambia,ZMB,34,41.866
wru,2019,2019-12-30,Uzbekistan,UZB,35,41.40049205796131
wru,2019,2019-12-30,Tonga,TON,36,41.0978371875
wru,2019,2019-12-30,Cayman Islands,CYM,37,40.95149779028812
wru,2019,2019-12-30,Colombia,COL,38,40.75
wru,2019,2019-12-30,Singapore,SGP,39,40.05521360482384
wru,2019,2019-12-30,Namibia,NAM,40,40.0
wru,2019,2019-12-30,Botswana,BWA,41,39.3
wru,2019,2019-12-30,Madagascar,MDG,42,39.22884627844659
wru,2019,2019-12-30,Switzerland,CHE,43,39.185860246436015
wru,2019,2019-12-30,Zimbabwe,ZWE,44,38.834
wru,2019,2019-12-30,Luxembourg,LUX,45,38.8319875
wru,2019,2019-12-30,Uganda,UGA,46,38.05379126082553
wru,2019,2019-12-30,Papua New Guinea,PNG,47,37.8374940625
wru,2019,2019-12-30,Serbia,SRB,48,37.788625
wru,2019,2019-12-30,India,IND,49,37.60221150015935
wru,2019,2019-12-30,Brazil,BRA,50,37.25
wru,2019,2019-12-30,Czechia,CZE,51,36.24403164265512
wru,2019,2019-12-30,Barbados,BRB,52,36.06201327181987
wru,2019,2019-12-30,Finland,FIN,53,35.00200586090886
wru,2019,2019-12-30,St Vincent and the Grenadines,VCT,54,34.71264100221263
wru,2019,2019-12-30,Bahamas,BHS,55,33.66902414276836
wru,2019,2019-12-30,Philippines,PHL,56,33.156348198382595
wru,2020,2020-12-28,England,ENG,1,94.29670130592612
wru,2020,2020-12-28,New Zealand,NZL,2,93.88384112364095
wru,2020,2020-12-28,Canada,CAN,3,87.48707036229574
wru,2020,2020-12-28,France,FRA,4,84.32068328796198
wru,2020,2020-12-28,Australia,AUS,5,78.68281254381714
wru,2020,2020-12-28,USA,USA,6,78.18549957867815
wru,2020,2020-12-28,Italy,ITA,7,77.90790141399978
wru,2020,2020-12-28,Ireland,IRL,8,74.6802964362783
wru,2020,2020-12-28,Wales,WAL,9,73.33210818308838
wru,2020,2020-12-28,Spain,ESP,10,72.54310349093765
wru,2020,2020-12-28,Scotland,SCO,11,70.67321212277729
wru,2020,2020-12-28,Japan,JPN,12,65.80010437046165
wru,2020,2020-12-28,South Africa,ZAF,13,63.39482620205931
wru,2020,2020-12-28,Russia,RUS,14,61.10250617015461
wru,2020,2020-12-28,Kazakhstan,KAZ,15,60.45289429629578
wru,2020,2020-12-28,Samoa,WSM,16,59.722499923888094
wru,2020,2020-12-28,Netherlands,NLD,17,58.272542622569524
wru,2020,2020-12-28,Hong Kong China,HKG,18,57.88678741885973
wru,2020,2020-12-28,Sweden,SWE,19,57.73321576463212
wru,2020,2020-12-28,Germany,DEU,20,57.71805264600328
wru,2020,2020-12-28,Fiji,FJI,21,52.621513220975245
wru,2020,2020-12-28,Belgium,BEL,22,52.27287968269264
wru,2020,2020-12-28,China,CHN,23,49.33608816862912
wru,2020,2020-12-28,Kenya,KEN,24,46.71736246072787
wru,2020,2020-12-28,Trinidad & Tobago,TTO,25,46.44980886247916
wru,2020,2020-12-28,Tonga,TON,26,42.071802875
wru,2020,2020-12-28,Zambia,ZMB,27,41.866
wru,2020,2020-12-28,Colombia,COL,28,41.1
wru,2020,2020-12-28,Denmark,DNK,29,40.68381025154208
wru,2020,2020-12-28,Jamaica,JAM,30,40.52221893043186
wru,2020,2020-12-28,Singapore,SGP,31,40.05521360482384
wru,2020,2020-12-28,Guyana,GUY,32,39.632796
wru,2020,2020-12-28,Madagascar,MDG,33,39.22884627844659
wru,2020,2020-12-28,Switzerland,CHE,34,39.185860246436015
wru,2020,2020-12-28,Romania,ROU,35,38.94748975
wru,2020,2020-12-28,Norway,NOR,36,38.858160980656436
wru,2020,2020-12-28,Zimbabwe,ZWE,37,38.834
wru,2020,2020-12-28,Uganda,UGA,38,38.05379126082553
wru,2020,2020-12-28,Bosnia & Herzegovina,BIH,39,38.0
wru,2020,2020-12-28,India,IND,40,37.60221150015935
wru,2020,2020-12-28,Brazil,BRA,41,36.9
wru,2020,2020-12-28,Papua New Guinea,PNG,42,36.863528375
wru,2020,2020-12-28,Thailand,THA,43,36.346317080067365
wru,2020,2020-12-28,Czechia,CZE,44,36.24403164265512
wru,2020,2020-12-28,Uzbekistan,UZB,45,35.40049205796131
wru,2020,2020-12-28,Finland,FIN,46,35.00200586090886
wru,2020,2020-12-28,Cayman Islands,CYM,47,34.95149779028812
wru,2020,2020-12-28,Namibia,NAM,48,34.0
wru,2020,2020-12-28,Portugal,PRT,49,34.0
wru,2020,2020-12-28,Botswana,BWA,50,33.3
wru,2020,2020-12-28,Philippines,PHL,51,33.156348198382595
wru,2020,2020-12-28,Luxembourg,LUX,52,32.8319875
wru,2020,2020-12-28,Serbia,SRB,53,31.788625
wru,2020,2020-12-28,Barbados,BRB,54,30.062013271819875
wru,2020,2020-12-28,St Vincent and the Grenadines,VCT,55,28.712641002212624
wru,2020,2020-12-28,Bahamas,BHS,56,27.669024142768357
wru,2021,2021-12-27,England,ENG,1,96.2587836434781
wru,2021,2021-12-27,New Zealand,NZL,2,88.57955640309774
wru,2021,2021-12-27,France,FRA,3,88.42899340750387
wru,2021,2021-12-27,Canada,CAN,4,88.15278762124457
wru,2021,2021-12-27,Australia,AUS,5,78.68281254381714
wru,2021,2021-12-27,USA,USA,6,76.63320656408989
wru,2021,2021-12-27,Ireland,IRL,7,76.54060051897453
wru,2021,2021-12-27,Italy,ITA,8,76.43123784201413
wru,2021,2021-12-27,Scotland,SCO,9,73.48158732180723
wru,2021,2021-12-27,Spain,ESP,10,72.09691965276802
wru,2021,2021-12-27,Wales,WAL,11,71.02074833658456
wru,2021,2021-12-27,Japan,JPN,12,65.48610036448333
wru,2021,2021-12-27,South Africa,ZAF,13,63.39482620205931
wru,2021,2021-12-27,Russia,RUS,14,61.10250617015461
wru,2021,2021-12-27,Kazakhstan,KAZ,15,60.45289429629578
wru,2021,2021-12-27,Samoa,WSM,16,59.722499923888094
wru,2021,2021-12-27,Netherlands,NLD,17,58.272542622569524
wru,2021,2021-12-27,Hong Kong China,HKG,18,57.88678741885973
wru,2021,2021-12-27,Sweden,SWE,19,57.73321576463212
wru,2021,2021-12-27,Germany,DEU,20,57.71805264600328
wru,2021,2021-12-27,Fiji,FJI,21,52.621513220975245
wru,2021,2021-12-27,Belgium,BEL,22,50.27287968269264
wru,2021,2021-12-27,China,CHN,23,49.33608816862912
wru,2021,2021-12-27,Trinidad & Tobago,TTO,24,46.44980886247916
wru,2021,2021-12-27,Cameroon,CMR,25,43.315
wru,2021,2021-12-27,Colombia,COL,26,42.65685108424997
wru,2021,2021-12-27,Zambia,ZMB,27,42.6361
wru,2021,2021-12-27,Madagascar,MDG,28,42.27769789667472
wru,2021,2021-12-27,Kenya,KEN,29,42.11165975824977
wru,2021,2021-12-27,Tonga,TON,30,42.071802875
wru,2021,2021-12-27,Tunisia,TUN,31,41.40425
wru,2021,2021-12-27,Uganda,UGA,32,40.937744489315016
wru,2021,2021-12-27,Senegal,SEN,33,40.905
wru,2021,2021-12-27,Denmark,DNK,34,40.68381025154208
wru,2021,2021-12-27,Jamaica,JAM,35,40.52221893043186
wru,2021,2021-12-27,Singapore,SGP,36,40.05521360482384
wru,2021,2021-12-27,Guyana,GUY,37,39.632796
wru,2021,2021-12-27,Czechia,CZE,38,39.36944764604961
wru,2021,2021-12-27,Romania,ROU,39,38.94748975
wru,2021,2021-12-27,Norway,NOR,40,38.858160980656436
wru,2021,2021-12-27,Bosnia & Herzegovina,BIH,41,38.0
wru,2021,2021-12-27,Cote D'Ivoire,CIV,42,37.69075
wru,2021,2021-12-27,India,IND,43,37.60221150015935
wru,2021,2021-12-27,Switzerland,CHE,44,36.924140375779594
wru,2021,2021-12-27,Brazil,BRA,45,36.9
wru,2021,2021-12-27,Papua New Guinea,PNG,46,36.863528375
wru,2021,2021-12-27,Burkina Faso,BFA,47,36.685
wru,2021,2021-12-27,Thailand,THA,48,36.346317080067365
wru,2021,2021-12-27,Portugal,PRT,49,36.0
wru,2021,2021-12-27,Zimbabwe,ZWE,50,35.95004677151051
wru,2021,2021-12-27,Uzbekistan,UZB,51,35.40049205796131
wru,2021,2021-12-27,Cayman Islands,CYM,52,34.95149779028812
wru,2021,2021-12-27,Finland,FIN,53,34.138309728170796
wru,2021,2021-12-27,Botswana,BWA,54,33.3
wru,2021,2021-12-27,Namibia,NAM,55,33.2299
wru,2021,2021-12-27,Philippines,PHL,56,33.156348198382595
wru,2021,2021-12-27,Luxembourg,LUX,57,32.8319875
wru,2021,2021-12-27,Serbia,SRB,58,31.788625
wru,2021,2021-12-27,Barbados,BRB,59,30.062013271819875
wru,2021,2021-12-27,St Vincent and the Grenadines,VCT,60,28.712641002212624
wru,2021,2021-12-27,Bahamas,BHS,61,27.669024142768357
wru,2022,2022-12-26,England,ENG,1,94.28801844450909
wru,2022,2022-12-26,New Zealand,NZL,2,93.19248516008463
wru,2022,2022-12-26,France,FRA,3,89.6811023918407
wru,2022,2022-12-26,Canada,CAN,4,84.21687490943286
wru,2022,2022-12-26,Italy,ITA,5,78.69890716572235
wru,2022,2022-12-26,Australia,AUS,6,78.00167524836266
wru,2022,2022-12-26,USA,USA,7,76.78174098284698
wru,2022,2022-12-26,Ireland,IRL,8,74.01038783677294
wru,2022,2022-12-26,Wales,WAL,9,72.69810634020116
wru,2022,2022-12-26,Scotland,SCO,10,68.71123703346609
wru,2022,2022-12-26,Spain,ESP,11,68.46937530689256
wru,2022,2022-12-26,Japan,JPN,12,67.93944970461926
wru,2022,2022-12-26,South Africa,ZAF,13,64.4987998971711
wru,2022,2022-12-26,Russia,RUS,14,61.10250617015461
wru,2022,2022-12-26,Hong Kong China,HKG,15,59.24868665679822
wru,2022,2022-12-26,Fiji,FJI,16,58.33161189126653
wru,2022,2022-12-26,Netherlands,NLD,17,58.272542622569524
wru,2022,2022-12-26,Samoa,WSM,18,58.01240125359681
wru,2022,2022-12-26,Sweden,SWE,19,57.73321576463212
wru,2022,2022-12-26,Kazakhstan,KAZ,20,57.09099505835729
wru,2022,2022-12-26,Germany,DEU,21,51.71805264600328
wru,2022,2022-12-26,China,CHN,22,49.33608816862912
wru,2022,2022-12-26,Trinidad & Tobago,TTO,23,46.44980886247916
wru,2022,2022-12-26,Belgium,BEL,24,45.78253647902834
wru,2022,2022-12-26,Kenya,KEN,25,45.25679554858127
wru,2022,2022-12-26,Colombia,COL,26,45.181165975824975
wru,2022,2022-12-26,Madagascar,MDG,27,44.89338370345616
wru,2022,2022-12-26,Cameroon,CMR,28,43.452575
wru,2022,2022-12-26,Tonga,TON,29,42.7905617
wru,2022,2022-12-26,Portugal,PRT,30,42.0
wru,2022,2022-12-26,Czechia,CZE,31,40.85979084971391
wru,2022,2022-12-26,Denmark,DNK,32,40.68381025154208
wru,2022,2022-12-26,Tunisia,TUN,33,40.52889565355109
wru,2022,2022-12-26,Jamaica,JAM,34,40.52221893043186
wru,2022,2022-12-26,Uganda,UGA,35,40.48031506285838
wru,2022,2022-12-26,Singapore,SGP,36,40.05521360482384
wru,2022,2022-12-26,Zambia,ZMB,37,39.94839363612513
wru,2022,2022-12-26,Guyana,GUY,38,39.632796
wru,2022,2022-12-26,Senegal,SEN,39,39.164668539667474
wru,2022,2022-12-26,Romania,ROU,40,38.94748975
wru,2022,2022-12-26,Cote D'Ivoire,CIV,41,38.92294875
wru,2022,2022-12-26,Norway,NOR,42,38.858160980656436
wru,2022,2022-12-26,Finland,FIN,43,38.606184325312114
wru,2022,2022-12-26,Bosnia & Herzegovina,BIH,44,38.0
wru,2022,2022-12-26,India,IND,45,37.60221150015935
wru,2022,2022-12-26,Zimbabwe,ZWE,46,37.042024755783935
wru,2022,2022-12-26,Brazil,BRA,47,36.375685108424996
wru,2022,2022-12-26,Thailand,THA,48,36.346317080067365
wru,2022,2022-12-26,Papua New Guinea,PNG,49,36.14476955
wru,2022,2022-12-26,Switzerland,CHE,50,35.45626577863827
wru,2022,2022-12-26,Uzbekistan,UZB,51,35.40049205796131
wru,2022,2022-12-26,Burkina Faso,BFA,52,35.31522625
wru,2022,2022-12-26,Cayman Islands,CYM,53,34.95149779028812
wru,2022,2022-12-26,Botswana,BWA,54,33.3
wru,2022,2022-12-26,Philippines,PHL,55,33.156348198382595
wru,2022,2022-12-26,Luxembourg,LUX,56,32.8319875
wru,2022,2022-12-26,Namibia,NAM,57,32.13792201572657
wru,2022,2022-12-26,Serbia,SRB,58,31.788625
wru,2022,2022-12-26,Barbados,BRB,59,30.062013271819875
wru,2022,2022-12-26,St Vincent and the Grenadines,VCT,60,28.712641002212624
wru,2022,2022-12-26,Bahamas,BHS,61,27.669024142768357
wru,2023,2023-12-25,England,ENG,1,96.17743153384222
wru,2023,2023-12-25,New Zealand,NZL,2,90.55861724748355
wru,2023,2023-12-25,France,FRA,3,87.89483588337582
wru,2023,2023-12-25,Canada,CAN,4,86.27354844863859
wru,2023,2023-12-25,Australia,AUS,5,81.6054231130016
wru,2023,2023-12-25,Wales,WAL,6,76.66775084148496
wru,2023,2023-12-25,Italy,ITA,7,75.61149080492035
wru,2023,2023-12-25,Scotland,SCO,8,74.36695906817984
wru,2023,2023-12-25,USA,USA,9,72.01928404642032
wru,2023,2023-12-25,Ireland,IRL,10,71.5162063353352
wru,2023,2023-12-25,Japan,JPN,11,69.3842024746603
wru,2023,2023-12-25,Spain,ESP,12,64.89366657214963
wru,2023,2023-12-25,South Africa,ZAF,13,64.3707161961872
wru,2023,2023-12-25,Russia,RUS,14,61.10250617015461
wru,2023,2023-12-25,Netherlands,NLD,15,60.01750218153609
wru,2023,2023-12-25,Samoa,WSM,16,59.57250947245027
wru,2023,2023-12-25,Fiji,FJI,17,58.649064403776684
wru,2023,2023-12-25,Hong Kong China,HKG,18,58.31103330034988
wru,2023,2023-12-25,Sweden,SWE,19,56.012571979670284
wru,2023,2023-12-25,Kazakhstan,KAZ,20,55.97479976568008
wru,2023,2023-12-25,Germany,DEU,21,50.42450102930578
wru,2023,2023-12-25,China,CHN,22,49.33608816862912
wru,2023,2023-12-25,Kenya,KEN,23,48.63583726550983
wru,2023,2023-12-25,Trinidad & Tobago,TTO,24,46.44980886247916
wru,2023,2023-12-25,Belgium,BEL,25,45.07608809572583
wru,2023,2023-12-25,Madagascar,MDG,26,44.65315240477337
wru,2023,2023-12-25,Portugal,PRT,27,44.389902820855895
wru,2023,2023-12-25,Colombia,COL,28,44.3715389555129
wru,2023,2023-12-25,Tonga,TON,29,43.125982485
wru,2023,2023-12-25,Tunisia,TUN,30,42.058207923598694
wru,2023,2023-12-25,Cameroon,CMR,31,41.54284351532632
wru,2023,2023-12-25,Croatia,HRV,32,41.05
wru,2023,2023-12-25,Denmark,DNK,33,40.68381025154208
wru,2023,2023-12-25,Finland,FIN,34,40.680188073948194
wru,2023,2023-12-25,Jamaica,JAM,35,40.52221893043186
wru,2023,2023-12-25,Singapore,SGP,36,40.05521360482384
wru,2023,2023-12-25,Zambia,ZMB,37,39.94839363612513
wru,2023,2023-12-25,Guyana,GUY,38,39.632796
wru,2023,2023-12-25,Senegal,SEN,39,39.164668539667474
wru,2023,2023-12-25,Uganda,UGA,40,38.951002792810776
wru,2023,2023-12-25,Bulgaria,BGR,41,38.95
wru,2023,2023-12-25,Romania,ROU,42,38.94748975
wru,2023,2023-12-25,Cote D'Ivoire,CIV,43,38.92294875
wru,2023,2023-12-25,Latvia,LVA,44,38.88473907187321
wru,2023,2023-12-25,Norway,NOR,45,38.858160980656436
wru,2023,2023-12-25,Czechia,CZE,46,38.56229090027024
wru,2023,2023-12-25,Bosnia & Herzegovina,BIH,47,38.0
wru,2023,2023-12-25,India,IND,48,37.60221150015935
wru,2023,2023-12-25,Zimbabwe,ZWE,49,37.042024755783935
wru,2023,2023-12-25,Brazil,BRA,50,36.905087503243486
wru,2023,2023-12-25,Thailand,THA,51,36.346317080067365
wru,2023,2023-12-25,Papua New Guinea,PNG,52,35.809348765
wru,2023,2023-12-25,Switzerland,CHE,53,35.45626577863827
wru,2023,2023-12-25,Uzbekistan,UZB,54,35.40049205796131
wru,2023,2023-12-25,Burkina Faso,BFA,55,35.31522625
wru,2023,2023-12-25,Cayman Islands,CYM,56,34.95149779028812
wru,2023,2023-12-25,Botswana,BWA,57,33.3
wru,2023,2023-12-25,Philippines,PHL,58,33.156348198382595
wru,2023,2023-12-25,Luxembourg,LUX,59,32.8319875
wru,2023,2023-12-25,Namibia,NAM,60,32.13792201572657
wru,2023,2023-12-25,Serbia,SRB,61,31.788625
wru,2023,2023-12-25,Barbados,BRB,62,30.062013271819875
wru,2023,2023-12-25,St Vincent and the Grenadines,VCT,63,28.712641002212624
wru,2023,2023-12-25,Bahamas,BHS,64,27.669024142768357
wru,2024,2024-12-30,England,ENG,1,97.55597484847102
wru,2024,2024-12-30,Canada,CAN,2,89.30505632693178
wru,2024,2024-12-30,New Zealand,NZL,3,88.64005789978184
wru,2024,2024-12-30,France,FRA,4,85.11342848789087
wru,2024,2024-12-30,Australia,AUS,5,78.10272153983998
wru,2024,2024-12-30,Ireland,IRL,6,78.02511119554724
wru,2024,2024-12-30,Scotland,SCO,7,76.82480320818124
wru,2024,2024-12-30,Italy,ITA,8,74.75126271513696
wru,2024,2024-12-30,USA,USA,9,74.20008909333265
wru,2024,2024-12-30,Wales,WAL,10,72.58222793247164
wru,2024,2024-12-30,Japan,JPN,11,66.41156480359889
wru,2024,2024-12-30,South Africa,ZAF,12,66.17532973703787
wru,2024,2024-12-30,Spain,ESP,13,65.41698173534583
wru,2024,2024-12-30,Russia,RUS,14,61.10250617015461
wru,2024,2024-12-30,Samoa,WSM,15,60.560130491602614
wru,2024,2024-12-30,Netherlands,NLD,16,60.19634130578025
wru,2024,2024-12-30,Fiji,FJI,17,59.13920203149749
wru,2024,2024-12-30,Hong Kong China,HKG,18,56.20320570512114
wru,2024,2024-12-30,Kazakhstan,KAZ,19,55.23188110230253
wru,2024,2024-12-30,Sweden,SWE,20,52.716232205906934
wru,2024,2024-12-30,Germany,DEU,21,50.91285408600214
wru,2024,2024-12-30,China,CHN,22,49.33608816862912
wru,2024,2024-12-30,Kenya,KEN,23,48.83659982587888
wru,2024,2024-12-30,Portugal,PRT,24,47.11591412422003
wru,2024,2024-12-30,Madagascar,MDG,25,45.29045197786858
wru,2024,2024-12-30,Belgium,BEL,26,45.07608809572583
wru,2024,2024-12-30,Tonga,TON,27,43.528487427
wru,2024,2024-12-30,Trinidad & Tobago,TTO,28,43.27485811996909
wru,2024,2024-12-30,Colombia,COL,29,42.909050650810684
wru,2024,2024-12-30,Mexico,MEX,30,42.669561557560144
wru,2024,2024-12-30,Finland,FIN,31,42.10267261839266
wru,2024,2024-12-30,Tunisia,TUN,32,42.058207923598694
wru,2024,2024-12-30,Croatia,HRV,33,41.95909984625
wru,2024,2024-12-30,Andorra,AND,34,40.8925
wru,2024,2024-12-30,Cameroon,CMR,35,40.704781381862055
wru,2024,2024-12-30,Denmark,DNK,36,40.68381025154208
wru,2024,2024-12-30,Singapore,SGP,37,40.05521360482384
wru,2024,2024-12-30,Zambia,ZMB,38,39.94839363612513
wru,2024,2024-12-30,Romania,ROU,39,39.8639912875
wru,2024,2024-12-30,Brazil,BRA,40,39.729316293990635
wru,2024,2024-12-30,Jamaica,JAM,41,39.66586762933685
wru,2024,2024-12-30,Guyana,GUY,42,39.632796
wru,2024,2024-12-30,Senegal,SEN,43,39.164668539667474
wru,2024,2024-12-30,Uganda,UGA,44,38.951002792810776
wru,2024,2024-12-30,Cote D'Ivoire,CIV,45,38.92294875
wru,2024,2024-12-30,Czechia,CZE,46,38.56229090027024
wru,2024,2024-12-30,Latvia,LVA,47,38.01991475704987
wru,2024,2024-12-30,Bosnia & Herzegovina,BIH,48,38.0
wru,2024,2024-12-30,Norway,NOR,49,37.812147694338954
wru,2024,2024-12-30,India,IND,50,37.60221150015935
wru,2024,2024-12-30,Zimbabwe,ZWE,51,37.042024755783935
wru,2024,2024-12-30,Thailand,THA,52,36.346317080067365
wru,2024,2024-12-30,Bulgaria,BGR,53,36.23189861625
wru,2024,2024-12-30,Switzerland,CHE,54,35.45626577863827
wru,2024,2024-12-30,Papua New Guinea,PNG,55,35.406843823
wru,2024,2024-12-30,Uzbekistan,UZB,56,35.40049205796131
wru,2024,2024-12-30,Burkina Faso,BFA,57,35.31522625
wru,2024,2024-12-30,Cayman Islands,CYM,58,34.95149779028812
wru,2024,2024-12-30,Botswana,BWA,59,33.3
wru,2024,2024-12-30,Philippines,PHL,60,33.156348198382595
wru,2024,2024-12-30,Luxembourg,LUX,61,32.8319875
wru,2024,2024-12-30,Namibia,NAM,62,32.13792201572657
wru,2024,2024-12-30,Serbia,SRB,63,31.788625
wru,2024,2024-12-30,Barbados,BRB,64,30.062013271819875
wru,2024,2024-12-30,St Vincent and the Grenadines,VCT,65,28.712641002212624
wru,2024,2024-12-30,Bahamas,BHS,66,27.669024142768357
wru,2025,2025-12-29,England,ENG,1,98.09009362214766
wru,2025,2025-12-29,Canada,CAN,2,91.52875248338614
wru,2025,2025-12-29,New Zealand,NZL,3,89.85021680803372
wru,2025,2025-12-29,France,FRA,4,83.60189789356774
wru,2025,2025-12-29,Ireland,IRL,5,78.19960912831858
wru,2025,2025-12-29,Scotland,SCO,6,77.387485118649
wru,2025,2025-12-29,Australia,AUS,7,75.45942492350187
wru,2025,2025-12-29,USA,USA,8,72.90491551841235
wru,2025,2025-12-29,Italy,ITA,9,72.37396532379083
wru,2025,2025-12-29,South Africa,ZAF,10,71.62219227870314
wru,2025,2025-12-29,Japan,JPN,11,69.72237650737479
wru,2025,2025-12-29,Wales,WAL,12,66.12529310745764
wru,2025,2025-12-29,Fiji,FJI,13,63.981294877508
wru,2025,2025-12-29,Spain,ESP,14,62.416322767267786
wru,2025,2025-12-29,Samoa,WSM,15,59.718037645592105
wru,2025,2025-12-29,Hong Kong China,HKG,16,57.557507014698345
wru,2025,2025-12-29,Netherlands,NLD,17,57.42307937731233
wru,2025,2025-12-29,Russia,RUS,18,55.10250617015461
wru,2025,2025-12-29,Kazakhstan,KAZ,19,53.87757979272532
wru,2025,2025-12-29,Kenya,KEN,20,50.68239790602417
wru,2025,2025-12-29,Sweden,SWE,21,49.858526002582956
wru,2025,2025-12-29,Germany,DEU,22,49.02917748697451
wru,2025,2025-12-29,Portugal,PRT,23,48.11591412422003
wru,2025,2025-12-29,Belgium,BEL,24,47.28120088329934
wru,2025,2025-12-29,Brazil,BRA,25,45.956276447513645
wru,2025,2025-12-29,Tonga,TON,26,43.528487427
wru,2025,2025-12-29,China,CHN,27,43.33608816862912
wru,2025,2025-12-29,Colombia,COL,28,42.95947182081501
wru,2025,2025-12-29,Uganda,UGA,29,42.678425773642736
wru,2025,2025-12-29,Trinidad & Tobago,TTO,30,42.42963414061601
wru,2025,2025-12-29,Madagascar,MDG,31,42.34279325239451
wru,2025,2025-12-29,Croatia,HRV,32,41.95909984625
wru,2025,2025-12-29,Georgia,GEO,33,41.929598693125
wru,2025,2025-12-29,Mexico,MEX,34,41.92058466394258
wru,2025,2025-12-29,Finland,FIN,35,41.23426860459524
wru,2025,2025-12-29,Andorra,AND,36,40.8925
wru,2025,2025-12-29,Tunisia,TUN,37,40.839993832353244
wru,2025,2025-12-29,Cameroon,CMR,38,40.704781381862055
wru,2025,2025-12-29,Austria,AUT,39,40.556229090027024
wru,2025,2025-12-29,Jamaica,JAM,40,39.982687178780154
wru,2025,2025-12-29,Latvia,LVA,41,39.113255753033116
wru,2025,2025-12-29,Czechia,CZE,42,38.00606181024322
wru,2025,2025-12-29,Romania,ROU,43,37.934392594375
wru,2025,2025-12-29,Denmark,DNK,44,36.6169054797912
wru,2025,2025-12-29,Bulgaria,BGR,45,36.23189861625
wru,2025,2025-12-29,Papua New Guinea,PNG,46,35.406843823
wru,2025,2025-12-29,Norway,NOR,47,34.785711470106584
wru,2025,2025-12-29,Singapore,SGP,48,34.05521360482384
wru,2025,2025-12-29,Zambia,ZMB,49,33.94839363612513
wru,2025,2025-12-29,Guyana,GUY,50,33.632796
wru,2025,2025-12-29,Senegal,SEN,51,33.164668539667474
wru,2025,2025-12-29,Zimbabwe,ZWE,52,32.712537157203556
wru,2025,2025-12-29,Bosnia & Herzegovina,BIH,53,32.0
wru,2025,2025-12-29,India,IND,54,31.602211500159346
wru,2025,2025-12-29,Thailand,THA,55,30.34631708006737
wru,2025,2025-12-29,Cote D'Ivoire,CIV,56,29.84508810432264
wru,2025,2025-12-29,Switzerland,CHE,57,29.456265778638272
wru,2025,2025-12-29,Uzbekistan,UZB,58,29.400492057961305
wru,2025,2025-12-29,Burkina Faso,BFA,59,29.31522625
wru,2025,2025-12-29,Cayman Islands,CYM,60,28.951497790288123
wru,2025,2025-12-29,Botswana,BWA,61,27.3
wru,2025,2025-12-29,Philippines,PHL,62,27.1563481983826
wru,2025,2025-12-29,Luxembourg,LUX,63,26.8319875
wru,2025,2025-12-29,Namibia,NAM,64,26.137922015726577
wru,2025,2025-12-29,Serbia,SRB,65,25.788625
wru,2025,2025-12-29,Barbados,BRB,66,24.062013271819875
wru,2025,2025-12-29,St Vincent and the Grenadines,VCT,67,22.712641002212624
wru,2025,2025-12-29,Bahamas,BHS,68,21.669024142768357
wru,2026,2026-02-16,England,ENG,1,98.09009362214766
wru,2026,2026-02-16,Canada,CAN,2,91.52875248338614
wru,2026,2026-02-16,New Zealand,NZL,3,89.85021680803372
wru,2026,2026-02-16,France,FRA,4,83.60189789356774
wru,2026,2026-02-16,Ireland,IRL,5,78.19960912831858
wru,2026,2026-02-16,Scotland,SCO,6,77.387485118649
wru,2026,2026-02-16,Australia,AUS,7,75.45942492350187
wru,2026,2026-02-16,USA,USA,8,72.90491551841235
wru,2026,2026-02-16,Italy,ITA,9,72.37396532379083
wru,2026,2026-02-16,South Africa,ZAF,10,71.62219227870314
wru,2026,2026-02-16,Japan,JPN,11,69.72237650737479
wru,2026,2026-02-16,Wales,WAL,12,66.12529310745764
wru,2026,2026-02-16,Fiji,FJI,13,63.981294877508
wru,2026,2026-02-16,Spain,ESP,14,62.416322767267786
wru,2026,2026-02-16,Samoa,WSM,15,59.718037645592105
wru,2026,2026-02-16,Hong Kong China,HKG,16,57.557507014698345
wru,2026,2026-02-16,Netherlands,NLD,17,57.42307937731233
wru,2026,2026-02-16,Russia,RUS,18,55.10250617015461
wru,2026,2026-02-16,Kazakhstan,KAZ,19,53.87757979272532
wru,2026,2026-02-16,Kenya,KEN,20,50.68239790602417
wru,2026,2026-02-16,Sweden,SWE,21,49.858526002582956
wru,2026,2026-02-16,Germany,DEU,22,49.02917748697451
wru,2026,2026-02-16,Portugal,PRT,23,48.11591412422003
wru,2026,2026-02-16,Belgium,BEL,24,47.28120088329934
wru,2026,2026-02-16,Brazil,BRA,25,45.956276447513645
wru,2026,2026-02-16,Tonga,TON,26,43.528487427
wru,2026,2026-02-16,China,CHN,27,43.33608816862912
wru,2026,2026-02-16,Colombia,COL,28,42.95947182081501
wru,2026,2026-02-16,Uganda,UGA,29,42.678425773642736
wru,2026,2026-02-16,Trinidad & Tobago,TTO,30,42.42963414061601
wru,2026,2026-02-16,Madagascar,MDG,31,42.34279325239451
wru,2026,2026-02-16,Croatia,HRV,32,41.95909984625
wru,2026,2026-02-16,Georgia,GEO,33,41.929598693125
wru,2026,2026-02-16,Mexico,MEX,34,41.92058466394258
wru,2026,2026-02-16,Finland,FIN,35,41.23426860459524
wru,2026,2026-02-16,Andorra,AND,36,40.8925
wru,2026,2026-02-16,Tunisia,TUN,37,40.839993832353244
wru,2026,2026-02-16,Cameroon,CMR,38,40.704781381862055
wru,2026,2026-02-16,Austria,AUT,39,40.556229090027024
wru,2026,2026-02-16,Jamaica,JAM,40,39.982687178780154
wru,2026,2026-02-16,Latvia,LVA,41,39.113255753033116
wru,2026,2026-02-16,Malaysia,MYS,42,39.105521360482385
wru,2026,2026-02-16,Czechia,CZE,43,38.00606181024322
wru,2026,2026-02-16,Romania,ROU,44,37.934392594375
wru,2026,2026-02-16,Denmark,DNK,45,36.6169054797912
wru,2026,2026-02-16,Bulgaria,BGR,46,36.23189861625
wru,2026,2026-02-16,Papua New Guinea,PNG,47,35.406843823
wru,2026,2026-02-16,Singapore,SGP,48,35.28069063744763
wru,2026,2026-02-16,Norway,NOR,49,34.785711470106584
wru,2026,2026-02-16,Zambia,ZMB,50,33.94839363612513
wru,2026,2026-02-16,Guyana,GUY,51,33.632796
wru,2026,2026-02-16,Senegal,SEN,52,33.164668539667474
wru,2026,2026-02-16,Zimbabwe,ZWE,53,32.712537157203556
wru,2026,2026-02-16,Bosnia & Herzegovina,BIH,54,32.0
wru,2026,2026-02-16,India,IND,55,31.602211500159346
wru,2026,2026-02-16,Thailand,THA,56,30.34631708006737
wru,2026,2026-02-16,Cote D'Ivoire,CIV,57,29.84508810432264
wru,2026,2026-02-16,Switzerland,CHE,58,29.456265778638272
wru,2026,2026-02-16,Uzbekistan,UZB,59,29.400492057961305
wru,2026,2026-02-16,Burkina Faso,BFA,60,29.31522625
wru,2026,2026-02-16,Cayman Islands,CYM,61,28.951497790288123
wru,2026,2026-02-16,Botswana,BWA,62,27.3
wru,2026,2026-02-16,Luxembourg,LUX,63,26.8319875
wru,2026,2026-02-16,Philippines,PHL,64,26.825349805276428
wru,2026,2026-02-16,Namibia,NAM,65,26.137922015726577
wru,2026,2026-02-16,Serbia,SRB,66,25.788625
wru,2026,2026-02-16,Barbados,BRB,67,24.062013271819875
wru,2026,2026-02-16,St Vincent and the Grenadines,VCT,68,22.712641002212624
wru,2026,2026-02-16,Bahamas,BHS,69,21.669024142768357
